year_n,iso,country_en,score,rank,political_context,rank_pol,economic_context,rank_eco,legal_context,rank_leg,social_context,rank_soc,safety,rank_saf,zone,rank_n_1,rank_evolution,score_n_1,score_evolution
2025,AFG,Afghanistan,17.88,175,17.78,163,25.1,165,11.43,178,18.92,175,16.16,175,Asie-Pacifique,178,3,19.09,-1.2100000000000009
2025,ALB,Albania,58.18,80,38.62,119,31.69,147,69.51,53,65.85,68,85.21,70,UE Balkans,99,19,54.1,4.079999999999998
2025,DZA,Algeria,44.64,126,38.9,116,32.29,144,48.03,125,46.3,129,57.68,114,MENA,139,13,41.98,2.6600000000000037
2025,AND,Andorra,63.3,65,56.13,57,39.1,105,67.39,68,61.48,84,92.41,21,UE Balkans,72,7,61.44,1.8599999999999994
2025,AGO,Angola,52.67,100,38.68,118,30.25,155,56.94,101,63.82,76,73.66,98,Afrique,104,4,52.44,0.23000000000000398
2025,ARG,Argentina,56.14,87,38.91,115,35.49,122,71.81,48,55.85,105,78.64,89,Amériques,66,-21,63.13,-6.990000000000002
2025,ARM,Armenia,73.96,34,65.21,33,52.02,48,84.13,14,76.76,36,91.67,26,EEAC,43,9,71.6,2.3599999999999994
2025,AUS,Australia,75.15,29,77.97,21,63.25,25,68.78,59,74.52,47,91.21,30,Asie-Pacifique,39,10,73.42,1.730000000000004
2025,AUT,Austria,78.12,22,72.59,24,64.73,23,81.97,20,78.77,30,92.55,19,UE Balkans,32,10,74.69,3.430000000000007
2025,AZE,Azerbaijan,25.47,167,17.44,164,16.15,175,35.02,154,30.2,164,28.57,160,EEAC,164,-3,27.99,-2.5199999999999996
2025,BHR,Bahrain,30.24,157,25.38,151,24.74,167,26.65,163,30.34,163,44.1,131,MENA,173,16,23.21,7.029999999999998
2025,BGD,Bangladesh,33.71,149,29.03,145,33.79,134,36.71,150,39.87,144,29.17,159,Asie-Pacifique,165,16,27.64,6.07
2025,BLR,Belarus,25.73,166,13.27,174,36.14,117,19.04,172,36.65,149,23.52,171,EEAC,167,1,26.8,-1.0700000000000003
2025,BEL,Belgium,80.12,18,79.16,19,69.15,14,79.9,31,81.8,18,90.58,37,UE Balkans,16,-2,81.49,-1.3699999999999903
2025,BLZ,Belize,68.32,47,53.15,64,48.25,61,63.99,77,81.36,21,94.83,6,Amériques,54,7,66.85,1.4699999999999989
2025,BEN,Benin,54.6,92,40.69,108,35.99,121,55.21,108,65.55,70,75.58,97,Afrique,89,-3,56.73,-2.1299999999999955
2025,BTN,Bhutan,32.62,152,20.63,161,22.34,170,20.95,169,19.16,174,80,83,Asie-Pacifique,147,-5,37.29,-4.670000000000002
2025,BOL,Bolivia,54.09,93,34.87,131,37.3,111,62.41,87,63.06,78,72.8,99,Amériques,124,31,48.88,5.210000000000001
2025,BIH,Bosnia-Herzegovina,56.33,86,45.74,89,37.91,108,67.46,67,61.4,85,69.16,105,UE Balkans,81,-5,58.85,-2.520000000000003
2025,BWA,Botswana,57.64,81,50.93,71,39.18,103,54.05,112,68.18,59,75.87,96,Afrique,79,-2,59.78,-2.1400000000000006
2025,BRA,Brazil,63.8,63,61.52,43,47.29,66,66.81,71,61.3,86,82.11,78,Amériques,82,19,58.59,5.209999999999994
2025,BRN,Brunei,53.47,97,46.03,88,48.19,63,43.58,138,43.7,137,85.85,65,Asie-Pacifique,117,20,50.09,3.3799999999999955
2025,BGR,Bulgaria,60.78,70,50.62,73,40.26,97,67.71,66,59.1,94,86.22,61,UE Balkans,59,-11,65.32,-4.539999999999992
2025,BFA,Burkina Faso,52.25,105,41.9,102,50.38,55,59.41,95,62.75,80,46.82,126,Afrique,86,-19,58.24,-5.990000000000002
2025,BDI,Burundi,45.44,125,41.98,101,38.61,106,47.86,126,50.35,121,48.39,123,Afrique,108,-17,51.78,-6.340000000000003
2025,CPV,Cabo Verde,74.98,30,72.56,25,54.34,43,77.47,36,76.47,39,94.06,10,Afrique,41,11,72.77,2.210000000000008
2025,KHM,Cambodia,28.18,161,17.42,165,23.79,168,35.47,153,29.3,166,34.92,150,Asie-Pacifique,151,-10,34.28,-6.100000000000001
2025,CMR,Cameroon,42.75,131,41.11,107,32.84,141,49.36,121,57.39,99,33.04,153,Afrique,130,-1,44.95,-2.200000000000003
2025,CAN,Canada,78.75,21,82.97,14,63.27,24,81.73,22,78.11,33,87.66,55,Amériques,14,-7,81.7,-2.950000000000003
2025,CAF,Central African Republic,60.15,72,50.68,72,40.79,94,65.16,73,67.3,61,76.82,93,Afrique,76,4,60.12,0.030000000000001137
2025,TCD,Chad,51.89,108,48.67,80,43.75,78,59.1,96,64.5,74,43.4,138,Afrique,96,-12,54.81,-2.9200000000000017
2025,CHL,Chile,62.25,69,65.01,34,41.94,88,64.1,76,57.77,98,82.41,77,Amériques,52,-17,67.32,-5.069999999999993
2025,CHN,China,14.8,178,97.8,179,20.53,171,11.23,179,15.73,176,16.74,174,Asie-Pacifique,172,-6,23.36,-8.559999999999999
2025,COL,Colombia,49.8,115,48.5,83,35.43,123,69.16,55,45.8,132,50.12,121,Amériques,119,4,49.63,0.1699999999999946
2025,COM,Comoros,59.27,75,50.25,75,47.13,67,62.07,89,60.84,89,76.08,94,Afrique,71,-4,61.47,-2.1999999999999957
2025,COG,Congo-Brazzaville,60.58,71,51.68,69,40.76,95,62.31,88,62.44,83,85.72,67,Afrique,69,-2,62.57,-1.990000000000002
2025,CRI,Costa Rica,73.09,36,49.96,76,61.69,28,85,10,76.68,37,92.13,24,Amériques,26,-10,76.13,-3.039999999999992
2025,CIV,Côte d'Ivoire,63.69,64,57.47,52,49.99,57,70.7,51,70.29,57,70.02,103,Afrique,53,-11,66.89,-3.200000000000003
2025,HRV,Croatia,64.2,60,54.15,61,44.08,75,73.52,46,60.22,90,89.04,47,UE Balkans,48,-12,68.79,-4.590000000000003
2025,CUB,Cuba,26.03,165,13.75,172,19.07,174,18.24,174,35.46,152,43.64,136,Amériques,168,3,25.63,0.40000000000000213
2025,CYP,Cyprus,59.04,77,51.97,65,41.78,90,64.5,75,48.67,126,88.3,50,UE Balkans,65,-12,63.14,-4.100000000000001
2025,CZE,Czechia,83.96,10,84.64,11,65.41,22,88.22,6,87.66,4,93.87,11,UE Balkans,17,7,80.14,3.819999999999993
2025,DNK,Denmark,86.93,6,91.13,3,78.46,7,86.78,8,83.85,13,94.43,8,UE Balkans,2,-4,89.6,-2.6699999999999875
2025,DJI,Djibouti,25.36,168,15.78,167,15.08,178,24.94,165,24.44,170,46.58,128,Afrique,161,-7,30.14,-4.780000000000001
2025,DOM,Dominican Republic,69.87,43,68.62,30,51.5,50,84.42,12,77.71,35,67.13,106,Amériques,35,-8,73.89,-4.019999999999996
2025,COD,DR Congo,42.31,133,40.47,110,34.77,130,48.08,124,56.28,104,31.94,154,Afrique,123,-10,48.91,-6.599999999999994
2025,TLS,East Timor,71.79,39,61.44,44,50.61,53,78.51,33,75.85,42,92.54,20,Asie-Pacifique,20,-19,78.92,-7.1299999999999955
2025,ECU,Ecuador,53.76,94,41.27,105,43.93,77,58.75,97,53.18,114,71.68,102,Amériques,110,16,51.3,2.460000000000001
2025,EGY,Egypt,24.74,170,13.63,173,23.26,169,32.65,157,25.67,169,28.49,161,MENA,170,0,25.1,-0.360000000000003
2025,SLV,El Salvador,41.19,135,23.95,157,41.11,92,47.2,129,46.26,130,47.4,124,Amériques,133,-2,44.01,-2.8200000000000003
2025,GNQ,Equatorial Guinea,48.68,118,32.07,136,27.74,160,49.57,120,50.41,120,83.63,74,Afrique,127,9,46.49,2.1899999999999977
2025,ERI,Eritrea,11.32,180,10.81,178,15.46,177,83.5,180,11.69,179,10.29,180,Afrique,180,0,16.64,-5.32
2025,EST,Estonia,89.46,2,90.87,4,79.4,5,90,3,91.61,1,95.41,5,UE Balkans,6,4,86.44,3.019999999999996
2025,SWZ,Eswatini,52.86,98,44.89,91,34.92,129,43.39,140,59.58,91,81.52,79,Afrique,85,-13,58.31,-5.450000000000003
2025,ETH,Ethiopia,36.92,145,31.46,139,34.73,131,51.07,118,37.87,146,29.48,157,Afrique,141,-4,41.37,-4.449999999999996
2025,FJI,Fiji,71.2,40,68.32,31,60.99,29,67.72,65,71.21,55,87.74,53,Asie-Pacifique,44,4,71.23,-0.030000000000001137
2025,FIN,Finland,87.18,5,89.93,7,80.54,4,87.93,7,83.87,12,93.65,14,UE Balkans,5,0,86.55,0.6300000000000097
2025,FRA,France,76.62,25,75.42,22,63.13,26,80.92,27,77.8,34,85.8,66,UE Balkans,21,-4,78.65,-2.030000000000001
2025,GAB,Gabon,70.65,41,61.17,45,51.8,49,70.58,52,79.62,27,90.09,40,Afrique,56,15,65.83,4.820000000000007
2025,GMB,Gambia,65.49,58,59.1,47,46.47,69,62.95,83,72.8,51,86.12,62,Afrique,58,0,65.53,-0.04000000000000625
2025,GEO,Georgia,50.53,114,34.25,132,37.44,110,57.8,100,56.88,102,66.31,109,EEAC,103,-11,53.05,-2.519999999999996
2025,DEU,Germany,83.85,11,84.87,10,77.9,8,84.72,11,80.93,23,90.82,35,UE Balkans,10,-1,83.84,0.009999999999990905
2025,GHA,Ghana,67.13,52,64.44,36,44.93,73,75.4,41,71.97,52,78.93,86,Afrique,50,-2,67.71,-0.5799999999999983
2025,GRC,Greece,55.37,89,44.48,94,35,127,63.22,81,49.41,124,84.73,72,UE Balkans,88,-1,57.15,-1.7800000000000011
2025,GTM,Guatemala,40.32,138,39.36,114,33.39,135,54.12,111,37.16,148,37.56,147,Amériques,138,0,42.28,-1.9600000000000009
2025,GIN,Guinea,52.53,103,41.33,103,47.01,68,62.44,86,65.65,69,46.22,129,Afrique,78,-25,59.97,-7.439999999999998
2025,GNB,Guinea-Bissau,51.36,110,41.27,104,36.25,114,55.5,104,51.54,119,72.26,100,Afrique,92,-18,55.95,-4.590000000000003
2025,GUY,Guyana,60.12,73,40.27,111,48.23,62,61.8,90,65.97,67,84.31,73,Amériques,77,4,60.1,0.01999999999999602
2025,HTI,Haiti,51.06,111,48.58,82,37.03,112,60.68,92,67.21,64,41.8,139,Amériques,93,-18,55.92,-4.859999999999999
2025,HND,Honduras,38.51,142,30.22,142,31.38,149,46.3,132,41.01,142,43.62,137,Amériques,146,4,38.18,0.3299999999999983
2025,HKG,Hong Kong,39.86,140,27.4,146,44.76,74,36.76,149,46.67,128,43.72,135,Asie-Pacifique,135,-5,43.06,-3.200000000000003
2025,HUN,Hungary,62.82,68,37.14,124,48.07,64,67.96,64,74.88,46,86.05,63,UE Balkans,67,-1,62.98,-0.1599999999999966
2025,ISL,Iceland,81.36,17,82.24,15,65.71,21,81.12,25,82.93,16,94.82,7,UE Balkans,18,1,80.13,1.230000000000004
2025,IND,India,32.96,151,24.3,155,34.17,132,42.64,141,32.38,160,31.3,155,Asie-Pacifique,159,8,31.28,1.6799999999999997
2025,IDN,Indonesia,44.13,127,36.59,127,32.57,142,54.79,109,49.66,123,47.04,125,Asie-Pacifique,111,-16,51.15,-7.019999999999996
2025,IRN,Iran,16.22,176,12.86,175,19.26,172,16.78,175,14.55,177,17.66,173,MENA,176,0,21.3,-5.080000000000002
2025,IRQ,Iraq,30.69,155,25.82,149,25.72,164,37.79,145,34.81,153,29.31,158,MENA,169,14,25.48,5.210000000000001
2025,IRL,Ireland,86.92,7,91.3,2,78.77,6,81.49,24,87.25,5,95.8,4,UE Balkans,8,1,85.59,1.3299999999999983
2025,ISR,Israel,51.06,112,51.88,66,56.37,37,48.7,122,60.92,87,37.41,148,MENA,101,-11,53.23,-2.1699999999999946
2025,ITA,Italy,68.01,49,58.69,49,50.32,56,74.4,44,67.22,63,89.41,44,UE Balkans,46,-3,69.8,-1.789999999999992
2025,JAM,Jamaica,75.83,26,64.24,38,66.67,19,76.19,38,80.88,24,91.15,31,Amériques,24,-2,77.3,-1.4699999999999989
2025,JPN,Japan,63.14,66,55.21,59,53.45,45,67.19,69,54.44,112,85.43,68,Asie-Pacifique,70,4,62.12,1.0200000000000031
2025,JOR,Jordan,35.25,147,30.9,140,30.95,150,29.89,160,32.65,159,51.85,119,MENA,132,-15,44.3,-9.049999999999997
2025,KAZ,Kazakhstan,39.34,141,29.21,144,33.17,136,36.3,152,46.08,131,51.91,118,EEAC,142,1,41.11,-1.769999999999996
2025,KEN,Kenya,49.41,117,35.91,130,31.83,146,59.8,93,53.12,115,66.39,108,Afrique,102,-15,53.22,-3.8100000000000023
2025,XKX,Kosovo,52.73,99,44.61,93,39.88,101,68.54,61,57.28,100,53.35,117,UE Balkans,75,-24,60.19,-7.460000000000001
2025,KWT,Kuwait,44.06,128,33.04,135,31.5,148,43.5,139,29.08,167,83.18,76,MENA,131,3,44.66,-0.5999999999999943
2025,KGZ,Kyrgyzstan,37.46,144,26,147,40.1,99,44.05,136,43.37,139,33.75,151,EEAC,120,-24,49.11,-11.649999999999999
2025,LAO,Laos,33.22,150,25.33,152,33.98,133,25.05,164,42.47,140,39.28,145,Asie-Pacifique,153,3,33.76,-0.5399999999999991
2025,LVA,Latvia,81.82,15,83.07,13,70.35,11,81.7,23,81.95,17,92.05,25,UE Balkans,12,-3,82.9,-1.0800000000000125
2025,LBN,Lebanon,42.62,132,46.74,86,30.31,154,48.64,123,43.41,138,43.99,132,MENA,140,8,41.91,0.7100000000000009
2025,LSO,Lesotho,52.07,107,40.55,109,33.14,137,44.15,135,56.55,103,85.94,64,Afrique,122,15,48.92,3.1499999999999986
2025,LBR,Liberia,66.61,54,56.43,56,41.48,91,75.08,42,79.61,28,80.46,81,Afrique,60,6,65.13,1.480000000000004
2025,LBY,Libya,40.42,137,38.87,117,37.81,109,43.85,137,41.96,141,39.63,142,MENA,143,6,40.59,-0.1700000000000017
2025,LIE,Liechtenstein,83.42,12,80.23,18,67.33,18,89.16,5,84.51,10,95.87,3,UE Balkans,15,3,81.52,1.9000000000000057
2025,LTU,Lithuania,82.27,14,80.76,17,68.84,15,83.23,18,85.39,8,93.12,16,UE Balkans,13,-1,81.73,0.539999999999992
2025,LUX,Luxembourg,83.04,13,83.34,12,67.99,17,80.87,28,86.36,7,96.62,1,UE Balkans,11,-2,83.8,-0.7599999999999909
2025,MDG,Madagascar,50.8,113,37.99,122,30.7,153,55.35,105,52.48,117,77.5,92,Afrique,100,-13,54.07,-3.270000000000003
2025,MWI,Malawi,59.2,76,47.08,85,40.74,96,62.61,84,66.13,66,79.45,85,Afrique,63,-13,64.46,-5.259999999999991
2025,MYS,Malaysia,56.09,88,44.66,92,48.67,60,46.26,133,62.72,81,78.16,90,Asie-Pacifique,107,19,52.07,4.020000000000003
2025,MDV,Maldives,52.46,104,37.73,123,36.03,118,55.52,103,45.51,133,87.53,56,Asie-Pacifique,106,2,52.36,0.10000000000000142
2025,MLI,Mali,48.23,119,42.91,99,44.08,76,55.33,106,59.06,95,39.75,141,Afrique,114,-5,50.56,-2.3300000000000054
2025,MLT,Malta,62.96,67,44.29,96,51.25,51,65.06,74,65.02,72,89.18,45,UE Balkans,73,6,60.96,2
2025,MRT,Mauritania,67.52,50,57.75,51,49.19,59,73.77,45,67.79,60,89.08,46,Afrique,33,-17,74.2,-6.680000000000007
2025,MUS,Mauritius,67.31,51,51.35,70,49.55,58,68.35,62,79.58,29,87.71,54,Afrique,57,6,65.55,1.7600000000000051
2025,MEX,Mexico,45.55,124,47.86,84,36.59,113,60.88,91,54.72,110,27.7,163,Amériques,121,-3,49.01,-3.460000000000001
2025,MDA,Moldova,73.36,35,63.7,39,56.9,36,78.18,35,81.1,22,86.9,59,EEAC,31,-4,74.86,-1.5
2025,MNG,Mongolia,52.57,102,41.26,106,36.15,116,59.57,94,64.98,73,60.89,112,Asie-Pacifique,109,7,51.34,1.2299999999999969
2025,MNE,Montenegro,72.83,37,63.37,40,53.72,44,80.98,26,75.54,44,90.52,38,UE Balkans,40,3,73.21,-0.37999999999999545
2025,MAR,Morocco / Western Sahara,48.04,120,44.25,97,36.21,115,51.36,117,52.72,116,55.66,115,MENA,129,9,45.97,2.0700000000000003
2025,MOZ,Mozambique,52.63,101,39.65,112,40.97,93,63.73,79,65.09,71,53.69,116,Afrique,105,4,52.42,0.21000000000000085
2025,MMR,Myanmar,25.32,169,23.99,156,32.38,143,18.55,173,36.04,150,15.64,176,Asie-Pacifique,171,2,24.41,0.9100000000000001
2025,NAM,Namibia,75.35,28,66.12,32,59.19,31,84.41,13,75.71,43,91.32,29,Afrique,34,6,74.16,1.1899999999999977
2025,NPL,Nepal,55.2,90,51.86,68,43.11,80,68.63,60,60.88,88,51.52,120,Asie-Pacifique,74,-16,60.52,-5.32
2025,NLD,Netherlands,88.64,3,89.95,6,83.85,2,89.69,4,88.05,3,91.64,27,UE Balkans,4,1,87.73,0.9099999999999966
2025,NZL,New Zealand,81.37,16,78.27,20,72.15,10,80.76,29,83.53,14,92.15,23,Asie-Pacifique,19,3,79.72,1.6500000000000057
2025,NIC,Nicaragua,22.83,172,14.76,168,24.84,166,19.88,170,30.08,165,24.6,168,Amériques,163,-9,29.2,-6.370000000000001
2025,NER,Niger,57.05,83,49.71,78,43.14,79,63.56,80,63.95,75,64.91,110,Afrique,80,-3,59.71,-2.6600000000000037
2025,NGA,Nigeria,46.81,122,42.34,100,42.54,81,52.76,115,63.02,79,33.38,152,Afrique,112,-10,51.03,-4.219999999999999
2025,PRK,North Korea,12.64,179,12.18,176,11.05,180,16.67,176,94.6,180,13.86,179,Asie-Pacifique,177,-2,20.66,-8.02
2025,MKD,North Macedonia,70.44,42,57.91,50,50.48,54,83.42,16,70.96,56,89.44,43,UE Balkans,36,-6,73.78,-3.3400000000000034
2025,CTU,Northern Cyprus,54.84,91,44.33,95,34.94,128,58.06,98,49.67,122,87.21,58,UE Balkans,90,-1,56.72,-1.8799999999999955
2025,NOR,Norway,92.31,1,96.22,1,87.32,1,91.96,1,90.03,2,96.03,2,UE Balkans,1,0,91.89,0.4200000000000017
2025,CSS,OECS,68.08,48,55.27,58,47.96,65,68.79,58,75.98,41,92.4,22,Amériques,68,20,62.83,5.25
2025,OMN,Oman,42.29,134,33.1,134,40.19,98,26.65,162,31.62,161,79.87,84,MENA,137,3,42.52,-0.23000000000000398
2025,PAK,Pakistan,29.62,158,25.06,153,26.68,162,37.66,146,33.37,155,25.32,167,Asie-Pacifique,152,-6,33.9,-4.279999999999998
2025,PSE,Palestine,27.41,163,24.71,154,30.75,152,32.78,156,33.32,156,15.51,177,MENA,157,-6,31.92,-4.510000000000002
2025,PAN,Panama,66.75,53,54.14,62,55.07,42,63.15,82,71.36,53,90,41,Amériques,83,30,58.55,8.200000000000003
2025,PNG,Papua New Guinea,58.35,78,50.27,74,42.32,85,56.76,102,57.01,101,85.39,69,Asie-Pacifique,91,13,56.02,2.3299999999999983
2025,PRY,Paraguay,56.84,84,43.26,98,40.09,100,66.85,70,55.24,107,78.77,88,Amériques,115,31,50.48,6.3600000000000065
2025,PER,Peru,42.88,130,31.86,138,35.42,124,53.21,114,44.72,136,49.19,122,Amériques,125,-5,47.76,-4.8799999999999955
2025,PHL,Philippines,49.57,116,39.62,113,39.58,102,52.4,116,54.69,111,61.57,111,Asie-Pacifique,134,18,43.36,6.210000000000001
2025,POL,Poland,74.79,31,64.68,35,62.89,27,74.55,43,80.82,25,91.03,32,UE Balkans,47,16,69.17,5.6200000000000045
2025,PRT,Portugal,84.26,8,88.77,8,65.83,20,86.16,9,86.74,6,93.81,13,UE Balkans,7,-1,85.9,-1.6400000000000006
2025,QAT,Qatar,58.25,79,49.73,77,50.82,52,41.84,144,57.99,97,90.87,34,MENA,84,5,58.48,-0.22999999999999687
2025,ROU,Romania,66.42,55,57.44,53,45.17,72,70.79,50,71.36,54,87.34,57,UE Balkans,49,-6,68.45,-2.030000000000001
2025,RUS,Russia,24.57,171,12.05,177,32.96,140,23.41,166,30.83,162,23.57,170,EEAC,162,-9,29.86,-5.289999999999999
2025,RWA,Rwanda,35.84,146,25.89,148,27.16,161,47.47,127,47.91,127,30.77,156,Afrique,144,-2,40.54,-4.699999999999996
2025,WSM,Samoa,69.28,44,57.39,54,57.47,35,66.44,72,76.36,40,88.75,49,Asie-Pacifique,22,-22,78.41,-9.129999999999995
2025,SAU,Saudi Arabia,27.94,162,23.83,158,42.28,86,21.35,167,28.47,168,23.74,169,MENA,166,4,27.14,0.8000000000000007
2025,SEN,Senegal,59.43,74,53.46,63,42.45,84,58.05,99,67.29,62,75.93,95,Afrique,94,20,55.44,3.990000000000002
2025,SRB,Serbia,53.55,96,30.52,141,35.16,125,68.09,63,53.95,113,80.06,82,UE Balkans,98,2,54.48,-0.9299999999999997
2025,SYC,Seychelles,68.56,45,59.01,48,56.11,39,71.01,49,69.82,58,86.84,60,Afrique,37,-8,73.75,-5.189999999999998
2025,SLE,Sierra Leone,66.36,56,56.48,55,46.03,70,68.96,56,75.15,45,85.17,71,Afrique,64,8,64.27,2.0900000000000034
2025,SGP,Singapore,45.78,123,33.16,133,35.99,120,27.66,161,48.77,125,83.3,75,Asie-Pacifique,126,3,47.19,-1.4099999999999966
2025,SVK,Slovakia,71.93,38,55.14,60,59.6,30,78.49,34,78.27,32,88.14,51,UE Balkans,29,-9,76.03,-4.099999999999994
2025,SVN,Slovenia,74.06,33,71.63,27,52.49,47,82.54,19,73.85,49,89.78,42,UE Balkans,42,9,72.6,1.460000000000008
2025,SOM,Somalia,40.49,136,36.53,128,39.15,104,42.4,142,44.83,135,39.53,143,Afrique,145,9,39.4,1.0900000000000034
2025,ZAF,South Africa,75.71,27,69.85,29,56.35,38,81.8,21,81.75,19,88.77,48,Afrique,38,11,73.73,1.9799999999999898
2025,KOR,South Korea,64.06,61,48.77,79,55.11,41,69.23,54,59.12,93,88.05,52,Asie-Pacifique,62,1,64.87,-0.8100000000000023
2025,SSD,South Sudan,51.63,109,36.1,129,41.82,89,55.31,107,54.98,108,69.93,104,Afrique,136,27,42.57,9.060000000000002
2025,ESP,Spain,77.35,23,72.46,26,58.06,34,83.24,17,81.51,20,91.5,28,UE Balkans,30,7,76.01,1.3399999999999892
2025,LKA,Sri Lanka,39.93,139,36.96,125,32.18,145,46.61,131,38.45,145,45.46,130,Asie-Pacifique,150,11,35.21,4.719999999999999
2025,SDN,Sudan,30.34,156,29.34,143,30.15,156,33.52,155,40.64,143,18.05,172,Afrique,149,-7,35.73,-5.389999999999997
2025,SUR,Suriname,74.49,32,62.37,42,69.66,13,73.13,47,76.59,38,90.71,36,Amériques,28,-4,76.11,-1.6200000000000045
2025,SWE,Sweden,88.13,4,90.07,5,82.71,3,90.02,2,84.99,9,92.86,18,UE Balkans,3,-1,88.32,-0.18999999999999773
2025,CHE,Switzerland,83.98,9,85.7,9,73.21,9,83.73,15,83.4,15,93.86,12,UE Balkans,9,0,84.01,-0.030000000000001137
2025,SYR,Syria,15.82,177,14,170,14.39,179,16.01,177,19.64,173,15.08,178,MENA,179,2,17.41,-1.5899999999999999
2025,TWN,Taiwan,77.04,24,72.91,23,58.16,33,80.29,30,80.51,26,93.32,15,Asie-Pacifique,27,3,76.13,0.9100000000000108
2025,TJK,Tajikistan,32.21,153,23.06,160,28.91,159,37.64,147,32.83,158,38.6,146,EEAC,155,2,33.31,-1.1000000000000014
2025,TZA,Tanzania,53.68,95,46.72,87,42.04,87,54.02,113,59.19,92,66.46,107,Afrique,97,2,54.8,-1.1199999999999974
2025,THA,Thailand,56.72,85,51.87,67,45.94,71,49.61,119,55.36,106,80.79,80,Asie-Pacifique,87,2,58.12,-1.3999999999999986
2025,TGO,Togo,48.03,121,38.18,121,36.01,119,46.85,130,58.25,96,60.87,113,Afrique,113,-8,50.89,-2.8599999999999994
2025,TON,Tonga,68.39,46,59.19,46,53.1,46,62.45,85,74.26,48,92.96,17,Asie-Pacifique,45,-1,70.11,-1.7199999999999989
2025,TTO,Trinidad and Tobago,79.71,19,71.48,28,69.97,12,78.64,32,84.12,11,94.34,9,Amériques,25,6,76.69,3.019999999999996
2025,TUN,Tunisia,43.48,129,38.42,120,32.97,139,47.21,128,54.88,109,43.93,133,MENA,118,-11,49.97,-6.490000000000002
2025,TUR,Türkiye,29.4,159,19.69,162,26.09,163,32.42,158,33.44,154,35.37,149,EEAC,158,-1,31.6,-2.200000000000003
2025,TKM,Turkmenistan,19.14,174,76.3,180,15.9,176,31.94,159,13,178,27.24,164,EEAC,175,1,22.01,-2.870000000000001
2025,UGA,Uganda,37.61,143,23.7,159,30.9,151,44.85,134,44.86,134,43.72,134,Afrique,128,-15,46,-8.39
2025,UKR,Ukraine,63.93,62,64.43,37,58.77,32,75.85,39,73.77,50,46.82,126,EEAC,61,-1,65,-1.0700000000000003
2025,ARE,United Arab Emirates,26.91,164,17.23,166,35.05,126,21.2,168,21.76,171,39.3,144,MENA,160,-4,30.62,-3.710000000000001
2025,GBR,United Kingdom,78.89,20,81.54,16,68.43,16,75.6,40,78.46,31,90.42,39,UE Balkans,23,3,77.51,1.3799999999999955
2025,USA,United States,65.49,57,62.38,41,55.65,40,68.81,57,62.56,82,78.03,91,Amériques,55,-2,66.59,-1.1000000000000085
2025,URY,Uruguay,65.18,59,48.64,81,42.52,82,76.72,37,67.15,65,90.89,33,Amériques,51,-8,67.7,-2.519999999999996
2025,UZB,Uzbekistan,35.24,148,25.55,150,32.99,138,41.97,143,35.88,151,39.83,140,EEAC,148,0,37.27,-2.030000000000001
2025,VEN,Venezuela,29.21,160,14.5,169,29.6,157,36.49,151,37.25,147,28.19,162,Amériques,156,-4,33.06,-3.8500000000000014
2025,VNM,Vietnam,19.74,173,13.81,171,19.15,173,19.16,171,20.97,172,25.62,166,Asie-Pacifique,174,1,22.31,-2.5700000000000003
2025,YEM,Yemen,31.45,154,32.01,137,29.16,158,36.87,148,33.07,157,26.15,165,MENA,154,0,33.67,-2.2200000000000024
2025,ZMB,Zambia,57.33,82,44.94,90,42.5,83,63.88,78,63.64,77,71.69,101,Afrique,95,13,55.38,1.9499999999999957
2025,ZWE,Zimbabwe,52.1,106,36.71,126,38.46,107,54.2,110,52.35,118,78.8,87,Afrique,116,10,50.31,1.7899999999999991
2024,AFG,Afghanistan,19.09,178,20.07,164,29.06,164,16.35,179,16.07,179,13.9,179,Asie-Pacifique,152,-26,39.75,-20.66
2024,ALB,Albania,54.1,99,42.27,110,34.64,142,67.47,69,66.96,71,59.16,112,UE Balkans,96,-3,57.86,-3.759999999999998
2024,DZA,Algeria,41.98,139,32.16,142,32.55,153,45.43,134,43.01,140,56.75,117,MENA,136,-3,45.74,-3.760000000000005
2024,AND,Andorra,61.44,72,55.07,63,36.46,130,65.38,74,57.14,105,93.15,13,UE Balkans,37,-35,75.05,-13.61
2024,AGO,Angola,52.44,104,40.82,115,36.81,128,55.98,109,58.33,102,70.25,100,Afrique,125,21,48.3,4.140000000000001
2024,ARG,Argentina,63.13,66,54.83,65,38.45,119,76.12,37,63.89,80,82.34,75,Amériques,40,-26,73.36,-10.229999999999997
2024,ARM,Armenia,71.6,43,63.13,47,48.18,70,78.25,30,78.57,33,89.88,34,EEAC,49,6,70.61,0.9899999999999949
2024,AUS,Australia,73.42,39,74.43,25,64.58,27,69.23,60,70.41,59,88.44,47,Asie-Pacifique,27,-12,78.24,-4.819999999999993
2024,AUT,Austria,74.69,32,68.99,30,60.2,34,78.45,29,75.3,41,90.53,30,UE Balkans,29,-3,77.3,-2.6099999999999994
2024,AZE,Azerbaijan,27.99,164,17.08,173,18.01,179,35.85,154,37.76,147,31.27,159,EEAC,151,-13,39.93,-11.940000000000001
2024,BHR,Bahrain,23.21,173,17.46,171,20.92,174,19.81,175,20.7,175,37.15,150,MENA,171,-2,30.59,-7.379999999999999
2024,BGD,Bangladesh,27.64,165,19.36,167,27.83,167,31.32,158,32.65,157,27.03,167,Asie-Pacifique,163,-2,35.31,-7.670000000000002
2024,BLR,Belarus,26.8,167,15.94,175,36.34,132,18.8,176,38.69,143,24.21,171,EEAC,157,-10,37.17,-10.370000000000001
2024,BEL,Belgium,81.49,16,81.96,16,71.41,14,79.49,24,86.51,7,88.1,52,UE Balkans,31,15,76.47,5.019999999999996
2024,BLZ,Belize,66.85,54,51.57,76,49.48,62,62.18,86,77.98,34,93.06,14,Amériques,51,-3,70.49,-3.6400000000000006
2024,BEN,Benin,56.73,89,47.68,93,39.48,115,57.31,102,63.33,83,75.83,93,Afrique,112,23,52.44,4.289999999999999
2024,BTN,Bhutan,37.29,147,25.8,154,31.04,162,29.62,165,28.57,169,71.43,97,Asie-Pacifique,90,-57,59.25,-21.96
2024,BOL,Bolivia,48.88,124,31.24,145,38.08,121,57.59,100,59.79,97,57.7,113,Amériques,117,-7,51.09,-2.210000000000001
2024,BIH,Bosnia-Herzegovina,58.85,81,44.53,104,40.34,112,67.4,71,58.87,100,83.12,70,UE Balkans,64,-17,65.43,-6.580000000000005
2024,BWA,Botswana,59.78,79,49.9,80,42.56,97,57.28,103,69.56,61,79.59,82,Afrique,65,-14,64.61,-4.829999999999998
2024,BRA,Brazil,58.59,82,57.89,55,44.68,86,66.88,73,57.14,105,66.37,104,Amériques,92,10,58.67,-0.0799999999999983
2024,BRN,Brunei,50.09,117,49.42,82,45.16,83,41.08,141,37.83,146,76.99,89,Asie-Pacifique,142,25,44.2,5.890000000000001
2024,BGR,Bulgaria,65.32,59,60.63,50,41.6,105,72.24,50,67.06,70,85.08,61,UE Balkans,71,12,62.98,2.3399999999999963
2024,BFA,Burkina Faso,58.24,86,47.94,92,54.89,47,62.8,84,63.92,79,61.64,108,Afrique,58,-28,67.64,-9.399999999999999
2024,BDI,Burundi,51.78,108,45.32,100,44.89,85,53.32,113,58.01,103,57.37,115,Afrique,114,6,52.14,-0.35999999999999943
2024,CPV,Cabo Verde,72.77,41,69.51,28,54.25,48,74.7,39,73.35,50,92.03,25,Afrique,33,-8,75.72,-2.950000000000003
2024,KHM,Cambodia,34.28,151,20.21,163,27.55,168,36.32,152,32.54,158,54.8,122,Asie-Pacifique,147,-4,42.02,-7.740000000000002
2024,CMR,Cameroon,44.95,130,43.68,107,34.09,144,52.71,115,59.31,99,34.97,153,Afrique,138,8,45.58,-0.6299999999999955
2024,CAN,Canada,81.7,14,86.23,11,66.35,21,83.75,11,82.38,22,89.76,36,Amériques,15,1,83.53,-1.8299999999999983
2024,CAF,Central African Republic,60.12,76,48.55,87,44.97,84,64.42,78,62.9,86,79.76,80,Afrique,98,22,57.56,2.559999999999995
2024,TCD,Chad,54.81,96,48.73,86,43.49,93,61.06,91,63.1,84,57.67,114,Afrique,109,13,53.73,1.0800000000000054
2024,CHL,Chile,67.32,52,68.84,32,46.98,76,68.75,64,68.45,65,83.57,68,Amériques,83,31,60.09,7.22999999999999
2024,CHN,China,23.36,172,19.14,168,29.65,163,22.28,172,21.79,173,23.93,172,Asie-Pacifique,179,7,22.97,0.39000000000000057
2024,COL,Colombia,49.63,119,48.05,90,37.58,124,72.71,48,48.08,132,41.75,139,Amériques,139,20,45.23,4.400000000000006
2024,COM,Comoros,61.47,71,48.84,85,52.19,54,62.02,87,65.71,74,78.57,86,Afrique,75,4,62.25,-0.7800000000000011
2024,COG,Congo-Brazzaville,62.57,69,54.28,70,42.92,95,63.27,82,67.14,69,85.24,60,Afrique,81,12,60.42,2.1499999999999986
2024,CRI,Costa Rica,76.13,26,57.41,58,63.89,28,83.97,9,82.8,19,92.59,18,Amériques,23,-3,80.2,-4.070000000000007
2024,CIV,Côte d'Ivoire,66.89,53,61.43,49,55.05,45,74.63,40,73.08,51,70.28,99,Afrique,54,1,68.83,-1.9399999999999977
2024,HRV,Croatia,68.79,48,57.81,56,49.42,63,78.1,33,68.92,64,89.68,37,UE Balkans,42,-6,71.95,-3.1599999999999966
2024,CUB,Cuba,25.63,168,14.86,176,24.48,171,15.63,180,30.16,162,43.05,134,Amériques,172,4,29,-3.370000000000001
2024,CYP,Cyprus,63.14,65,55.8,61,47.44,73,67.9,66,55.4,111,89.19,42,UE Balkans,55,-10,68.62,-5.480000000000004
2024,CZE,Czechia,80.14,17,80.21,18,62.58,30,80.18,21,85.16,12,92.58,19,UE Balkans,14,-3,83.58,-3.4399999999999977
2024,DNK,Denmark,89.6,2,94.11,2,83.07,4,88.82,3,86.9,5,95.09,5,UE Balkans,3,1,89.48,0.11999999999999034
2024,DJI,Djibouti,30.14,161,24.12,156,26.74,169,30.63,161,29.08,168,40.13,143,Afrique,162,1,35.87,-5.729999999999997
2024,DOM,Dominican Republic,73.89,35,72.61,26,53.54,51,86.92,5,82.14,24,74.24,95,Amériques,43,8,71.88,2.010000000000005
2024,COD,DR Congo,48.91,123,46.52,97,42.29,99,51.54,117,65.83,73,38.34,147,Afrique,124,1,48.55,0.35999999999999943
2024,TLS,East Timor,78.92,20,76.09,22,65.36,23,73.08,45,85.71,9,94.35,8,Asie-Pacifique,10,-10,84.49,-5.569999999999993
2024,ECU,Ecuador,51.3,110,39.57,120,43.33,94,60.77,92,47.38,136,65.48,106,Amériques,80,-30,60.51,-9.21
2024,EGY,Egypt,25.1,170,16.1,174,24.69,170,29.81,164,27.62,171,27.27,166,MENA,166,-4,33.37,-8.269999999999996
2024,SLV,El Salvador,44.01,133,29.21,150,42.23,101,50.3,122,49.27,128,49.04,127,Amériques,115,-18,51.36,-7.350000000000001
2024,GNQ,Equatorial Guinea,46.49,127,33.62,137,31.46,161,40.96,142,49.05,129,77.38,88,Afrique,120,-7,50.35,-3.8599999999999994
2024,ERI,Eritrea,16.64,180,12.75,180,18.54,178,16.92,178,20.71,174,14.26,178,Afrique,174,-6,27.86,-11.219999999999999
2024,EST,Estonia,86.44,6,86.88,10,76.77,8,83.65,12,90,2,94.88,6,UE Balkans,8,2,85.31,1.1299999999999955
2024,SWZ,Eswatini,58.31,85,49.13,84,41.25,106,47.31,131,64.29,78,89.58,38,Afrique,111,26,52.66,5.650000000000006
2024,ETH,Ethiopia,41.37,141,33.9,136,41.2,107,50,124,47.62,135,34.13,156,Afrique,130,-11,47.7,-6.330000000000005
2024,FJI,Fiji,71.23,44,59.26,52,64.66,26,69.04,63,74.35,45,88.86,43,Asie-Pacifique,89,45,59.27,11.96
2024,FIN,Finland,86.55,5,89.05,6,80.9,5,86.16,6,84.52,14,92.13,21,UE Balkans,5,0,87.94,-1.3900000000000006
2024,FRA,France,78.65,21,78.93,21,66.27,22,78.18,31,81.5,26,88.38,49,UE Balkans,24,3,78.72,-0.06999999999999318
2024,GAB,Gabon,65.83,56,58.51,54,49.74,60,70.19,57,71.09,57,79.59,82,Afrique,94,38,58.12,7.710000000000001
2024,GMB,Gambia,65.53,58,57.56,57,48.51,66,60.71,93,76.87,37,84.01,65,Afrique,46,-12,71.06,-5.530000000000001
2024,GEO,Georgia,53.05,103,36.23,127,39.93,114,67.31,72,60.45,93,61.35,110,EEAC,77,-26,61.69,-8.64
2024,DEU,Germany,83.84,10,85.22,14,77.63,6,84.69,8,82.38,22,89.29,40,UE Balkans,21,11,81.91,1.9300000000000068
2024,GHA,Ghana,67.71,50,59.5,51,47.92,72,74.79,38,73.41,48,82.94,72,Afrique,62,12,65.93,1.779999999999987
2024,GRC,Greece,57.15,88,45.25,101,37.61,123,64.68,76,52.44,120,85.78,59,UE Balkans,107,19,55.2,1.9499999999999957
2024,GTM,Guatemala,42.28,138,33.57,138,38.13,120,57.24,104,46.67,137,35.78,151,Amériques,127,-11,48.12,-5.839999999999996
2024,GIN,Guinea,59.97,78,49.28,83,50,57,64.58,77,69.05,62,66.95,103,Afrique,85,7,59.51,0.46000000000000085
2024,GNB,Guinea-Bissau,55.95,92,48.26,88,39.38,116,61.92,88,54.05,114,76.13,92,Afrique,78,-14,61.57,-5.6199999999999974
2024,GUY,Guyana,60.1,77,44.93,103,46.61,77,60.46,94,65.18,76,83.33,69,Amériques,60,-17,67.5,-7.399999999999999
2024,HTI,Haiti,55.92,93,53.38,72,44.44,88,67.47,69,69.05,62,45.26,131,Amériques,99,6,57.38,-1.4600000000000009
2024,HND,Honduras,38.18,146,35.36,132,34.89,140,49.17,126,35.95,153,35.51,152,Amériques,169,23,32.65,5.530000000000001
2024,HKG,Hong Kong,43.06,135,34.68,134,45.88,81,39.33,145,47.73,134,47.67,130,Asie-Pacifique,140,5,44.86,-1.7999999999999972
2024,HUN,Hungary,62.98,67,38.55,124,48.23,68,67.88,67,74.29,46,85.97,58,UE Balkans,72,5,62.96,0.01999999999999602
2024,ISL,Iceland,80.13,18,79.94,20,65.1,24,79.11,25,83.28,16,93.24,12,UE Balkans,18,0,83.19,-3.0600000000000023
2024,IND,India,31.28,159,21.58,159,31.67,157,40.87,143,33.33,156,28.97,162,Asie-Pacifique,161,2,36.62,-5.339999999999996
2024,IDN,Indonesia,51.15,111,38.95,123,33.46,150,57.57,101,47.77,133,77.98,87,Asie-Pacifique,108,-3,54.83,-3.6799999999999997
2024,IRN,Iran,21.3,176,23.19,157,23.44,172,20.03,174,19.84,176,20.02,176,MENA,177,1,24.81,-3.509999999999998
2024,IRQ,Iraq,25.48,169,20.65,162,22.14,173,26.44,170,29.46,167,28.69,163,MENA,167,-2,32.94,-7.459999999999997
2024,IRL,Ireland,85.59,8,89.86,5,77,7,80.45,18,86.61,6,94.05,9,UE Balkans,2,-6,89.91,-4.319999999999993
2024,ISR,Israel,53.23,101,56.34,60,58.33,39,49.04,127,60.42,94,42.02,137,MENA,97,-4,57.57,-4.340000000000003
2024,ITA,Italy,69.8,46,64.44,46,52.75,53,72.94,47,69.98,60,88.86,44,UE Balkans,41,-5,72.05,-2.25
2024,JAM,Jamaica,77.3,24,66.39,43,70.31,17,72.6,49,84.97,13,92.25,20,Amériques,32,8,75.89,1.4099999999999966
2024,JPN,Japan,62.12,70,53.07,73,55.83,44,64.35,80,54.38,113,82.95,71,Asie-Pacifique,68,-2,63.95,-1.8300000000000054
2024,JOR,Jordan,44.3,132,31.7,143,35.68,135,36.06,153,38.69,143,79.37,84,MENA,146,14,42.79,1.509999999999998
2024,KAZ,Kazakhstan,41.11,142,30.33,148,35.42,137,37.91,148,50.85,123,51.02,125,EEAC,134,-8,45.87,-4.759999999999998
2024,KEN,Kenya,53.22,102,38.97,122,37.04,127,59.4,96,58.6,101,72.09,96,Afrique,116,14,51.15,2.0700000000000003
2024,XKX,Kosovo,60.19,75,56.61,59,48.05,71,73.92,44,67.56,67,54.81,121,UE Balkans,56,-19,68.38,-8.189999999999998
2024,KWT,Kuwait,44.66,131,37.42,125,32.13,155,45.96,132,27.85,170,79.96,79,MENA,154,23,38.84,5.819999999999993
2024,KGZ,Kyrgyzstan,49.11,120,30.19,149,48.73,64,48.4,129,50.66,124,67.59,102,EEAC,122,2,49.91,-0.7999999999999972
2024,LAO,Laos,33.76,153,25,155,40.1,113,31.01,159,30.36,160,42.33,135,Asie-Pacifique,160,7,36.66,-2.8999999999999986
2024,LVA,Latvia,82.9,12,84.42,15,74.69,9,80.29,19,83.21,17,91.9,26,UE Balkans,16,4,83.27,-0.36999999999999034
2024,LBN,Lebanon,41.91,140,45.03,102,34.82,141,45.6,133,42.18,141,41.92,138,MENA,119,-21,50.46,-8.550000000000004
2024,LSO,Lesotho,48.92,122,45.51,98,36.67,129,45.38,135,56.9,107,60.16,111,Afrique,67,-55,64.29,-15.370000000000005
2024,LBR,Liberia,65.13,60,54.87,64,45.98,80,73.08,45,71.43,55,80.27,78,Afrique,66,6,64.34,0.789999999999992
2024,LBY,Libya,40.59,143,40.5,117,37.27,125,44.23,136,36.77,151,44.16,133,MENA,149,6,40.22,0.37000000000000455
2024,LIE,Liechtenstein,81.52,15,85.55,12,62.35,31,84.84,7,78.72,32,96.16,2,UE Balkans,11,-4,84.47,-2.950000000000003
2024,LTU,Lithuania,81.73,13,80.84,17,70.72,15,81.41,15,83.6,15,92.1,23,UE Balkans,7,-6,86.79,-5.060000000000002
2024,LUX,Luxembourg,83.8,11,87.74,9,71.53,13,77.56,34,85.32,10,96.83,1,UE Balkans,20,9,81.98,1.8199999999999932
2024,MDG,Madagascar,54.07,100,41.91,112,34.03,145,56.73,106,60.71,92,76.98,90,Afrique,101,1,56.66,-2.5899999999999963
2024,MWI,Malawi,64.46,63,58.78,53,46.06,79,64.96,75,68.12,66,84.39,64,Afrique,82,19,60.34,4.11999999999999
2024,MYS,Malaysia,52.07,107,44.35,106,45.63,82,34.04,156,52.62,119,83.72,67,Asie-Pacifique,73,-34,62.83,-10.759999999999998
2024,MDV,Maldives,52.36,106,43.48,109,36.04,133,54.42,111,48.1,131,79.76,80,Asie-Pacifique,100,-6,56.93,-4.57
2024,MLI,Mali,50.56,114,48.12,89,44.41,89,59.27,97,63.53,81,37.47,149,Afrique,113,-1,52.29,-1.7299999999999969
2024,MLT,Malta,60.96,73,45.35,99,49.57,61,60.1,95,61.9,88,87.9,53,UE Balkans,84,11,59.76,1.2000000000000028
2024,MRT,Mauritania,74.2,33,67.23,35,54.05,50,79.06,26,76.98,36,93.65,10,Afrique,86,53,59.45,14.75
2024,MUS,Mauritius,65.55,57,50.43,79,47.4,74,62.88,83,80.12,28,86.9,56,Afrique,63,6,65.56,-0.010000000000005116
2024,MEX,Mexico,49.01,121,49.69,81,42.11,102,67.99,65,57.99,104,27.28,165,Amériques,128,7,47.98,1.0300000000000011
2024,MDA,Moldova,74.86,31,66.51,42,56.48,42,80.13,22,82.67,21,88.49,46,EEAC,28,-3,77.62,-2.760000000000005
2024,MNG,Mongolia,51.34,109,40.35,118,32.75,151,56.31,107,61.31,91,65.96,105,Asie-Pacifique,88,-21,59.33,-7.989999999999995
2024,MNE,Montenegro,73.21,40,68.31,33,56.06,43,78.15,32,73.05,52,90.48,31,UE Balkans,39,-1,74.28,-1.0700000000000074
2024,MAR,Morocco / Western Sahara,45.97,129,40.31,119,35.68,135,48.92,128,50.3,125,54.63,123,MENA,144,15,43.69,2.280000000000001
2024,MOZ,Mozambique,52.42,105,40.76,116,46.18,78,64.18,81,62.3,87,48.68,129,Afrique,102,-3,56.13,-3.710000000000001
2024,MMR,Myanmar,24.41,171,22.17,158,31.67,157,18.75,177,30,164,19.48,177,Asie-Pacifique,173,2,28.26,-3.8500000000000014
2024,NAM,Namibia,74.16,34,65.46,45,63.37,29,77.08,35,75,43,89.88,34,Afrique,22,-12,80.91,-6.75
2024,NPL,Nepal,60.52,74,55.46,62,52.92,52,71.41,52,61.43,90,61.41,109,Asie-Pacifique,95,21,57.89,2.6300000000000026
2024,NLD,Netherlands,87.73,4,88.41,7,84.09,3,87.59,4,87.34,4,91.23,28,UE Balkans,6,2,87,0.730000000000004
2024,NZL,New Zealand,79.72,19,85.36,13,72.08,12,71.15,54,79.76,29,90.24,32,Asie-Pacifique,13,-6,84.23,-4.510000000000005
2024,NIC,Nicaragua,29.2,163,17.23,172,34.03,145,30.34,163,36.64,152,27.77,164,Amériques,158,-5,37.09,-7.890000000000004
2024,NER,Niger,59.71,80,54.35,68,44.58,87,67.69,68,67.5,68,64.42,107,Afrique,61,-19,66.84,-7.130000000000003
2024,NGA,Nigeria,51.03,112,47.26,95,41.9,104,61.65,89,62.96,85,41.4,141,Afrique,123,11,49.56,1.4699999999999989
2024,PRK,North Korea,20.66,177,18.04,169,20.59,175,26.82,167,17.27,178,20.57,174,Asie-Pacifique,180,3,21.72,-1.0599999999999987
2024,MKD,North Macedonia,73.78,36,66.98,38,54.17,49,83.17,13,75.15,42,89.43,39,UE Balkans,38,2,74.35,-0.5699999999999932
2024,CTU,Northern Cyprus,56.72,90,46.9,96,42.61,96,56.12,108,53.25,116,84.74,63,UE Balkans,76,-14,61.73,-5.009999999999998
2024,NOR,Norway,91.89,1,94.87,1,89.84,1,89.5,2,90.48,1,94.74,7,UE Balkans,1,0,95.18,-3.2900000000000063
2024,CSS,OECS,62.83,68,54.63,66,50.4,56,57.01,105,65.28,75,86.82,57,Amériques,93,25,58.36,4.469999999999999
2024,OMN,Oman,42.52,137,35.88,130,37.74,122,26.78,168,35.7,154,76.51,91,MENA,155,18,37.87,4.650000000000006
2024,PAK,Pakistan,33.9,152,29.17,151,33.73,147,42.97,138,37.73,148,25.88,169,Asie-Pacifique,150,-2,39.95,-6.050000000000004
2024,PSE,Palestine,31.92,157,31.04,146,33.51,149,39.1,146,35.52,155,20.44,175,MENA,156,-1,37.86,-5.939999999999998
2024,PAN,Panama,58.55,83,41.18,113,49.83,58,55.13,110,64.68,77,81.94,76,Amériques,69,-14,63.67,-5.1200000000000045
2024,PNG,Papua New Guinea,56.02,91,42.17,111,47.08,75,51.54,117,56.43,109,82.86,73,Asie-Pacifique,59,-32,67.62,-11.600000000000001
2024,PRY,Paraguay,50.48,115,40.9,114,34.95,139,64.42,78,56.88,108,55.27,119,Amériques,103,-12,55.96,-5.480000000000004
2024,PER,Peru,47.76,125,39.44,121,39.29,118,58.1,98,53.23,117,48.73,128,Amériques,110,-15,52.74,-4.980000000000004
2024,PHL,Philippines,43.36,134,36.14,128,37.11,126,47.48,130,51.64,122,44.44,132,Asie-Pacifique,132,-2,46.21,-2.8500000000000014
2024,POL,Poland,69.17,47,51.63,75,59.46,37,70.19,57,77.38,35,87.2,54,UE Balkans,57,10,67.66,1.5100000000000051
2024,PRT,Portugal,85.9,7,91.51,3,72.92,10,83.79,10,88.27,3,93.03,15,UE Balkans,9,2,84.6,1.3000000000000114
2024,QAT,Qatar,58.48,84,50.56,78,51.39,55,41.9,140,59.9,95,88.66,45,MENA,105,21,55.28,3.1999999999999957
2024,ROU,Romania,68.45,49,61.92,48,48.2,69,70.54,55,73.38,49,88.2,51,UE Balkans,53,4,69.04,-0.5900000000000034
2024,RUS,Russia,29.86,162,19.88,166,33.72,148,31.43,157,37.28,149,27,168,EEAC,164,2,34.77,-4.910000000000004
2024,RWA,Rwanda,40.54,144,35.65,131,32.08,156,54.42,111,50,126,30.56,160,Afrique,131,-13,46.58,-6.039999999999999
2024,WSM,Samoa,78.41,22,74.9,23,68.98,19,69.11,62,83.03,18,96.03,3,Asie-Pacifique,19,-3,82.15,-3.740000000000009
2024,SAU,Saudi Arabia,27.14,166,21.01,161,40.36,111,20.43,173,30.06,163,23.84,173,MENA,170,4,32.43,-5.289999999999999
2024,SEN,Senegal,55.44,94,52.9,74,44.21,90,62.5,85,65.87,72,51.71,124,Afrique,104,10,55.82,-0.38000000000000256
2024,SRB,Serbia,54.48,98,33.07,140,36.46,130,70.32,56,53.57,115,78.97,85,UE Balkans,91,-7,59.16,-4.68
2024,SYC,Seychelles,73.75,37,67.1,37,59.79,35,74.23,43,75,43,92.62,17,Afrique,34,-3,75.71,-1.9599999999999937
2024,SLE,Sierra Leone,64.27,64,54.55,67,43.56,92,69.23,60,72.62,53,81.39,77,Afrique,74,10,62.55,1.7199999999999989
2024,SGP,Singapore,47.19,126,35.29,133,35.94,134,30.58,162,49.4,127,84.76,62,Asie-Pacifique,129,3,47.88,-0.6900000000000048
2024,SVK,Slovakia,76.03,29,65.52,44,64.84,25,80.53,17,80.85,27,88.39,48,UE Balkans,17,-12,83.22,-7.189999999999998
2024,SVN,Slovenia,72.6,42,67.85,34,49.81,59,81.03,16,73.7,47,90.58,29,UE Balkans,50,8,70.59,2.009999999999991
2024,SOM,Somalia,39.4,145,35.99,129,42.01,103,35.58,155,44.84,139,38.56,146,Afrique,141,-4,44.24,-4.840000000000003
2024,ZAF,South Africa,73.73,38,72.57,27,58.78,38,80.29,19,82.06,25,74.95,94,Afrique,25,-13,78.6,-4.86999999999999
2024,KOR,South Korea,64.87,62,51.11,77,54.9,46,69.51,59,61.77,89,87.04,55,Asie-Pacifique,47,-15,70.83,-5.959999999999994
2024,SSD,South Sudan,42.57,136,31.34,144,43.75,91,52.04,116,48.21,130,37.52,148,Afrique,118,-18,50.62,-8.049999999999997
2024,ESP,Spain,76.01,30,68.96,31,59.72,36,81.73,14,79.56,30,90.08,33,UE Balkans,36,6,75.37,0.6400000000000006
2024,LKA,Sri Lanka,35.21,150,30.43,147,32.16,154,42.19,139,29.61,165,41.68,140,Asie-Pacifique,135,-15,45.85,-10.64
2024,SDN,Sudan,35.73,149,32.87,141,32.66,152,37.64,149,46.09,138,29.39,161,Afrique,148,-1,40.83,-5.100000000000001
2024,SUR,Suriname,76.11,28,66.67,40,70.66,16,71.79,51,79.56,30,91.87,27,Amériques,48,20,70.62,5.489999999999995
2024,SWE,Sweden,88.32,3,91.03,4,85.5,2,90.16,1,82.78,20,92.12,22,UE Balkans,4,1,88.15,0.1699999999999875
2024,CHE,Switzerland,84.01,9,87.78,8,72.32,11,78.85,27,85.2,11,95.92,4,UE Balkans,12,3,84.4,-0.39000000000000057
2024,SYR,Syria,17.41,179,14.35,177,19.69,177,23.75,171,17.72,177,11.55,180,MENA,175,-4,27.22,-9.809999999999999
2024,TWN,Taiwan,76.13,27,74.7,24,56.77,41,80.05,23,76.39,38,92.76,16,Asie-Pacifique,35,8,75.54,0.5899999999999892
2024,TJK,Tajikistan,33.31,155,27.26,153,31.64,159,38.34,147,30.21,161,39.1,145,EEAC,153,-2,39.06,-5.75
2024,TZA,Tanzania,54.8,97,47.41,94,41.07,108,50.69,120,63.44,82,71.42,98,Afrique,143,46,44.02,10.779999999999994
2024,THA,Thailand,58.12,87,54.35,68,48.54,65,50.58,121,54.52,112,82.62,74,Asie-Pacifique,106,19,55.24,2.8799999999999955
2024,TGO,Togo,50.89,113,44.38,105,42.27,100,51.2,119,59.82,96,56.76,116,Afrique,70,-43,63.06,-12.170000000000002
2024,TON,Tonga,70.11,45,66.52,41,57.92,40,61.35,90,71.43,55,93.33,11,Asie-Pacifique,44,-1,71.29,-1.1800000000000068
2024,TTO,Trinidad and Tobago,76.69,25,66.97,39,66.76,20,71.26,53,86.41,8,92.06,24,Amériques,30,5,76.54,0.14999999999999147
2024,TUN,Tunisia,49.97,118,48.04,91,40.94,109,50.19,123,59.76,98,50.92,126,MENA,121,3,50.11,-0.14000000000000057
2024,TUR,Türkiye,31.6,158,20.02,165,28.91,165,37.38,150,37.05,150,34.63,155,EEAC,165,7,33.97,-2.3699999999999974
2024,TKM,Turkmenistan,22.01,175,13.22,178,17.88,180,30.93,160,15.67,180,32.32,158,EEAC,176,1,25.82,-3.8099999999999987
2024,UGA,Uganda,46,128,33.48,139,39.38,116,50,125,52.14,121,55,120,Afrique,133,5,46.08,-0.0799999999999983
2024,UKR,Ukraine,65,61,67.15,36,62.24,32,78.61,28,75.89,39,41.11,142,EEAC,79,18,61.19,3.8100000000000023
2024,ARE,United Arab Emirates,30.62,160,21.16,160,42.5,98,26.54,169,29.52,166,33.39,157,MENA,145,-15,42.99,-12.370000000000001
2024,GBR,United Kingdom,77.51,23,80.12,19,69.42,18,74.35,42,75.38,40,88.29,50,UE Balkans,26,3,78.51,-1
2024,USA,United States,66.59,55,69.03,29,61.07,33,74.49,41,72.06,54,56.31,118,Amériques,45,-10,71.22,-4.6299999999999955
2024,URY,Uruguay,67.7,51,53.62,71,48.36,67,76.65,36,70.58,58,89.29,40,Amériques,52,1,70.33,-2.6299999999999955
2024,UZB,Uzbekistan,37.27,148,28.02,152,34.49,143,43.59,137,37.96,145,42.28,136,EEAC,137,-11,45.73,-8.459999999999994
2024,VEN,Venezuela,33.06,156,17.68,170,31.63,160,37.33,151,38.74,142,39.91,144,Amériques,159,3,36.99,-3.9299999999999997
2024,VNM,Vietnam,22.31,174,13.22,178,20.57,176,28.37,166,23.51,172,25.86,170,Asie-Pacifique,178,4,24.58,-2.2699999999999996
2024,YEM,Yemen,33.67,154,33.91,135,28.33,166,40,144,31.43,159,34.67,154,MENA,168,14,32.78,0.8900000000000006
2024,ZMB,Zambia,55.38,95,43.66,108,35.42,137,57.93,99,55.95,110,83.93,66,Afrique,87,-8,59.41,-4.029999999999994
2024,ZWE,Zimbabwe,50.31,116,36.96,126,40.63,110,52.76,114,52.68,118,68.5,101,Afrique,126,10,48.17,2.1400000000000006
2023,AFG,Afghanistan,39.75,152,48.96,120,44.93,103,42.77,145,30.68,165,31.41,161,Asie-Pacifique,156,4,38.27,1.4799999999999969
2023,ALB,Albania,57.86,96,47.76,124,35.13,148,67.61,68,68.37,77,70.45,93,UE Balkans,103,7,56.41,1.4500000000000028
2023,DZA,Algeria,45.74,136,42.14,142,36.13,141,46.09,136,52.6,129,51.72,122,MENA,134,-2,45.53,0.21000000000000085
2023,AND,Andorra,75.05,37,74.69,31,55.39,49,77.12,42,75.28,62,92.78,10,UE Balkans,53,16,68.79,6.259999999999991
2023,AGO,Angola,48.3,125,43.57,137,31.79,163,51.21,125,54.71,126,60.2,104,Afrique,99,-26,57.17,-8.870000000000005
2023,ARG,Argentina,73.36,40,75.25,30,49.8,71,90.66,2,76.82,53,74.27,86,Amériques,29,-11,77.28,-3.9200000000000017
2023,ARM,Armenia,70.61,49,63.75,53,48.53,76,73.82,48,82.95,32,83.98,46,EEAC,51,2,68.97,1.6400000000000006
2023,AUS,Australia,78.24,27,83.85,18,68.49,26,69.41,63,81.98,35,87.46,33,Asie-Pacifique,39,12,73.77,4.469999999999999
2023,AUT,Austria,77.3,29,74.01,33,61.85,32,77.32,39,84.14,29,89.2,26,UE Balkans,31,2,76.74,0.5600000000000023
2023,AZE,Azerbaijan,39.93,151,35.45,165,25.91,173,38.95,149,50,135,49.35,126,EEAC,154,3,39.4,0.5300000000000011
2023,BHR,Bahrain,30.59,171,30.63,175,25.25,176,21.93,173,33.52,162,41.64,141,MENA,167,-4,30.97,-0.379999999999999
2023,BGD,Bangladesh,35.31,163,39.06,154,36.11,142,35.22,154,36.55,157,29.6,167,Asie-Pacifique,162,-1,36.63,-1.3200000000000003
2023,BLR,Belarus,37.17,157,32.34,174,47.67,82,28.07,167,48.3,139,29.45,168,EEAC,153,-4,39.62,-2.4499999999999957
2023,BEL,Belgium,76.47,31,79.06,24,62.09,31,78.3,36,82.39,33,80.53,65,UE Balkans,23,-8,78.86,-2.3900000000000006
2023,BLZ,Belize,70.49,51,61.98,62,53.92,54,68.11,66,79.55,46,88.89,27,Amériques,47,-4,70.67,-0.18000000000000682
2023,BEN,Benin,52.44,112,48.98,119,39.83,125,56.01,111,63.49,89,53.9,117,Afrique,121,9,48.39,4.049999999999997
2023,BTN,Bhutan,59.25,90,62.08,61,50.49,66,46.54,134,49.51,136,87.62,31,Asie-Pacifique,33,-57,76.46,-17.209999999999994
2023,BOL,Bolivia,51.09,117,46.53,127,45.72,96,60.12,97,56.4,119,46.68,130,Amériques,126,9,47.58,3.510000000000005
2023,BIH,Bosnia-Herzegovina,65.43,64,55.27,90,45.1,100,77.54,38,71.02,73,78.24,76,UE Balkans,67,3,65.64,-0.20999999999999375
2023,BWA,Botswana,64.61,65,55.63,84,50.44,67,58.07,103,78.79,48,80.14,69,Afrique,95,30,58.49,6.1199999999999974
2023,BRA,Brazil,58.67,92,55.79,82,52.59,59,72.44,51,76.22,57,36.3,149,Amériques,110,18,55.36,3.3100000000000023
2023,BRN,Brunei,44.2,142,49.84,113,34.8,151,30.66,162,29.88,170,75.83,82,Asie-Pacifique,144,2,42.53,1.6700000000000017
2023,BGR,Bulgaria,62.98,71,58.25,73,37.91,133,70.25,57,65.53,81,82.94,53,UE Balkans,91,20,59.12,3.8599999999999994
2023,BFA,Burkina Faso,67.64,58,62.81,57,58.33,41,67.45,69,81.25,38,75.55,83,Afrique,41,-17,73.12,-5.480000000000004
2023,BDI,Burundi,52.14,114,51.5,109,48.82,75,55.41,116,52.12,131,52.84,118,Afrique,107,-7,55.74,-3.6000000000000014
2023,CPV,Cabo Verde,75.72,33,73.86,34,60.78,34,73.76,49,80.17,42,90.01,25,Afrique,36,3,75.37,0.3499999999999943
2023,KHM,Cambodia,42.02,147,38.5,156,27.84,171,46.42,135,57.27,115,40.05,144,Asie-Pacifique,142,-5,43.48,-1.4599999999999937
2023,CMR,Cameroon,45.58,138,42.5,141,35.99,144,44.07,141,58.77,107,46.58,131,Afrique,118,-20,49.1,-3.520000000000003
2023,CAN,Canada,83.53,15,88.13,8,72.22,17,86.48,7,88.26,15,82.56,54,Amériques,19,4,81.74,1.7900000000000063
2023,CAF,Central African Republic,57.56,98,53.39,99,49.02,74,63.88,86,66.56,78,54.97,112,Afrique,101,3,56.96,0.6000000000000014
2023,TCD,Chad,53.73,109,53.3,101,52.94,57,58.63,102,69.16,75,34.62,154,Afrique,104,-5,56.18,-2.450000000000003
2023,CHL,Chile,60.09,83,70.8,41,47.48,84,65.09,79,65.58,80,51.49,124,Amériques,82,-1,60.61,-0.519999999999996
2023,CHN,China,22.97,179,26.06,178,29.51,167,17.36,178,17.07,177,24.87,173,Asie-Pacifique,175,-4,25.17,-2.200000000000003
2023,COL,Colombia,45.23,139,55.63,84,35.05,149,64.1,83,37.37,156,34.01,155,Amériques,145,6,42.43,2.799999999999997
2023,COM,Comoros,62.25,75,55.09,92,49.72,72,65.36,78,61.85,92,79.21,73,Afrique,83,8,60.16,2.0900000000000034
2023,COG,Congo-Brazzaville,60.42,81,57.58,76,45.71,97,62.15,90,58.52,108,78.17,77,Afrique,93,12,58.64,1.7800000000000011
2023,CRI,Costa Rica,80.2,23,65.94,48,70.59,22,85.93,8,87.97,16,90.56,21,Amériques,8,-15,85.92,-5.719999999999999
2023,CIV,Côte d'Ivoire,68.83,54,66.98,45,58.01,43,71.07,54,76.33,56,71.79,90,Afrique,37,-17,74.46,-5.6299999999999955
2023,HRV,Croatia,71.95,42,67.56,44,51.07,65,81.82,21,74.59,66,84.71,43,UE Balkans,48,6,70.42,1.5300000000000011
2023,CUB,Cuba,29,172,32.85,172,35.73,146,14.36,180,29.94,169,32.14,158,Amériques,173,1,27.32,1.6799999999999997
2023,CYP,Cyprus,68.62,55,64.66,50,53.12,56,71.89,52,64.98,85,88.44,29,UE Balkans,65,10,65.97,2.6500000000000057
2023,CZE,Czechia,83.58,14,82.19,19,65.52,28,86.64,6,91.29,6,92.27,11,UE Balkans,20,6,80.54,3.039999999999992
2023,DNK,Denmark,89.48,3,91.95,4,85.17,4,87.5,5,87.78,17,95,5,UE Balkans,2,-1,90.27,-0.789999999999992
2023,DJI,Djibouti,35.87,162,39.25,152,25.49,174,34.53,157,28.18,172,51.9,121,Afrique,164,2,35.75,0.11999999999999744
2023,DOM,Dominican Republic,71.88,43,71.48,39,52.45,60,76.53,46,76.42,55,82.5,56,Amériques,30,-13,76.9,-5.02000000000001
2023,COD,DR Congo,48.55,124,51.03,110,44.36,109,52,122,59.94,101,35.42,153,Afrique,125,1,47.66,0.8900000000000006
2023,TLS,East Timor,84.49,10,81.88,20,74.51,13,83.02,15,87.12,20,95.93,4,Asie-Pacifique,17,7,81.89,2.5999999999999943
2023,ECU,Ecuador,60.51,80,60.52,66,61.6,33,70.13,58,61.55,93,48.76,128,Amériques,68,-12,64.61,-4.100000000000001
2023,EGY,Egypt,33.37,166,29.63,176,31.96,162,34.72,156,39.55,151,31.02,162,MENA,168,2,30.23,3.139999999999997
2023,SLV,El Salvador,51.36,115,38.13,157,41.47,119,55.85,114,49.32,137,72.03,89,Amériques,112,-3,54.09,-2.730000000000004
2023,GNQ,Equatorial Guinea,50.35,120,43.85,136,36.93,138,57.92,104,39.58,150,73.47,87,Afrique,141,21,43.96,6.390000000000001
2023,ERI,Eritrea,27.86,174,33.13,171,26.96,172,23.43,171,26.16,173,29.61,166,Afrique,179,5,19.62,8.239999999999998
2023,EST,Estonia,85.31,8,85.36,17,76.75,10,82.88,18,90.75,9,90.79,20,UE Balkans,4,-4,88.83,-3.519999999999996
2023,SWZ,Eswatini,52.66,111,46.61,126,43.98,111,45.28,137,56.01,122,71.44,91,Afrique,131,20,46.42,6.239999999999995
2023,ETH,Ethiopia,47.7,130,50.25,111,43.14,113,62.64,89,43.64,146,38.82,146,Afrique,114,-16,50.53,-2.8299999999999983
2023,FJI,Fiji,59.27,89,53.13,102,45.1,100,55.97,112,62.88,91,79.26,72,Asie-Pacifique,102,13,56.91,2.3600000000000065
2023,FIN,Finland,87.94,5,91.55,5,83.8,5,84.86,11,89.17,13,90.35,23,UE Balkans,5,0,88.42,-0.480000000000004
2023,FRA,France,78.72,24,79.44,22,68.87,25,81.56,22,87.1,21,76.64,81,UE Balkans,26,2,78.53,0.18999999999999773
2023,GAB,Gabon,58.12,94,48.33,122,46.57,90,57.39,106,58.14,111,80.17,68,Afrique,105,11,56,2.1199999999999974
2023,GMB,Gambia,71.06,46,66.88,46,59.22,39,60.75,93,85,27,83.46,49,Afrique,50,4,69.25,1.8100000000000023
2023,GEO,Georgia,61.69,77,48.4,121,47.17,87,76,47,75,63,61.9,100,EEAC,89,12,59.3,2.3900000000000006
2023,DEU,Germany,81.91,21,87.33,12,82.31,6,85.85,9,87.19,19,66.88,96,UE Balkans,16,-5,82.04,-0.13000000000000966
2023,GHA,Ghana,65.93,62,61.88,63,47.94,80,79.62,31,78.98,47,61.25,103,Afrique,60,-2,67.43,-1.5
2023,GRC,Greece,55.2,107,53.31,100,37.66,134,61.36,92,52.23,130,71.44,91,UE Balkans,108,1,55.52,-0.3200000000000003
2023,GTM,Guatemala,48.12,127,42.64,140,40.09,124,64.15,81,57.58,113,36.15,151,Amériques,124,-3,47.94,0.17999999999999972
2023,GIN,Guinea,59.51,85,60,67,46.08,93,62.85,88,60.09,99,68.55,95,Afrique,84,-1,59.82,-0.3100000000000023
2023,GNB,Guinea-Bissau,61.57,78,56.09,81,51.72,61,70.05,59,65.06,84,64.95,98,Afrique,92,14,58.79,2.780000000000001
2023,GUY,Guyana,67.5,60,54.69,93,58.82,40,59.43,100,79.83,45,84.72,40,Amériques,34,-26,76.41,-8.909999999999997
2023,HTI,Haiti,57.38,99,59.38,71,48.18,79,69.95,61,73.38,69,36.02,152,Amériques,70,-29,64.55,-7.169999999999995
2023,HND,Honduras,32.65,169,40,149,33.33,157,39.94,148,22.37,175,27.61,171,Amériques,165,-4,34.61,-1.9600000000000009
2023,HKG,Hong Kong,44.86,140,40.43,148,45.89,95,38.32,150,56.51,118,43.15,135,Asie-Pacifique,148,8,41.64,3.219999999999999
2023,HUN,Hungary,62.96,72,45.63,130,43.94,112,70.94,55,72.62,70,81.66,62,UE Balkans,85,13,59.8,3.1600000000000037
2023,ISL,Iceland,83.19,18,86.04,14,68.35,27,82.35,20,87.01,22,92.22,12,UE Balkans,15,-3,82.69,0.5
2023,IND,India,36.62,161,33.65,169,34.15,155,42.92,144,45.27,143,27.12,172,Asie-Pacifique,150,-11,41,-4.380000000000003
2023,IDN,Indonesia,54.83,108,55.16,91,44.61,106,63.92,85,55.97,123,54.49,115,Asie-Pacifique,117,9,49.27,5.559999999999995
2023,IRN,Iran,24.81,177,33.67,168,30.51,165,20.17,176,16.06,178,23.62,175,MENA,178,1,23.22,1.5899999999999999
2023,IRQ,Iraq,32.94,167,39.25,152,28.04,170,31.13,161,36.36,158,29.9,165,MENA,172,5,28.59,4.349999999999998
2023,IRL,Ireland,89.91,2,93.91,2,82.11,7,82.55,19,94.03,3,96.94,2,UE Balkans,6,4,88.3,1.6099999999999994
2023,ISR,Israel,57.57,97,62.71,59,57.52,45,47.17,132,76.14,58,44.3,134,MENA,86,-11,59.62,-2.049999999999997
2023,ITA,Italy,72.05,41,64.2,52,55.04,51,80.32,27,73.86,68,86.83,35,UE Balkans,58,17,68.16,3.8900000000000006
2023,JAM,Jamaica,75.89,32,67.75,43,71.37,19,68.49,65,86.59,23,85.24,39,Amériques,12,-20,83.35,-7.459999999999994
2023,JPN,Japan,63.95,68,55.75,83,56.32,47,66.39,73,59.32,105,81.99,60,Asie-Pacifique,71,3,64.37,-0.4200000000000017
2023,JOR,Jordan,42.79,146,47.71,125,34.64,153,37.74,152,32.2,164,61.68,101,MENA,120,-26,48.66,-5.8699999999999974
2023,KAZ,Kazakhstan,45.87,134,44.06,134,36.03,143,44.34,139,59.37,104,45.54,133,EEAC,122,-12,48.28,-2.4100000000000037
2023,KEN,Kenya,51.15,116,49.17,115,40.52,121,66.82,71,56.25,120,42.99,136,Afrique,69,-47,64.59,-13.440000000000005
2023,XKX,Kosovo,68.38,56,62.95,56,50.28,68,80.26,28,75.49,61,72.95,88,UE Balkans,61,5,67,1.3799999999999955
2023,KWT,Kuwait,38.84,154,41.25,145,24.51,177,30.19,163,20.45,176,77.78,78,MENA,158,4,37.87,0.970000000000006
2023,KGZ,Kyrgyzstan,49.91,122,48.13,123,47.25,86,50.19,127,49.09,138,54.91,113,EEAC,72,-50,64.25,-14.340000000000003
2023,LAO,Laos,36.66,160,36.04,162,33.33,157,25.47,169,38.26,154,50.19,125,Asie-Pacifique,161,1,36.64,0.01999999999999602
2023,LVA,Latvia,83.27,16,85.69,15,73.97,14,79.45,32,85.98,25,91.26,18,UE Balkans,22,6,79.17,4.099999999999994
2023,LBN,Lebanon,50.46,119,51.63,108,35.69,147,48.11,130,58.86,106,58,108,MENA,130,11,46.58,3.8800000000000026
2023,LSO,Lesotho,64.29,67,64.38,51,44.85,104,55.97,112,68.47,76,87.78,30,Afrique,88,21,59.39,4.900000000000006
2023,LBR,Liberia,64.34,66,55.5,86,39.61,127,76.98,43,80,43,69.62,94,Afrique,75,9,62.77,1.5700000000000003
2023,LBY,Libya,40.22,149,49,118,34.31,154,30.19,163,45.23,144,42.36,138,MENA,143,-6,43.16,-2.9399999999999977
2023,LIE,Liechtenstein,84.47,11,85.63,16,69.93,23,81.45,24,90.91,7,94.44,6,UE Balkans,10,-1,84.03,0.4399999999999977
2023,LTU,Lithuania,86.79,7,88,9,77.65,8,84.53,12,89.43,12,94.33,8,UE Balkans,9,2,84.14,2.6500000000000057
2023,LUX,Luxembourg,81.98,20,87.42,10,71.94,18,76.77,45,82.1,34,91.67,14,UE Balkans,21,1,79.81,2.1700000000000017
2023,MDG,Madagascar,56.66,101,49.03,117,36.71,139,60.69,94,58.46,109,78.39,75,Afrique,98,-3,58.02,-1.3600000000000065
2023,MWI,Malawi,60.34,82,52.57,106,47.6,83,66.56,72,60.23,98,74.73,84,Afrique,80,-2,61.4,-1.0599999999999952
2023,MYS,Malaysia,62.83,73,55.31,89,52.94,57,44.58,138,75.85,60,85.46,38,Asie-Pacifique,113,40,51.55,11.280000000000001
2023,MDV,Maldives,56.93,100,53.75,97,32.84,161,59.91,98,55.68,124,82.48,57,Asie-Pacifique,87,-13,59.55,-2.6199999999999974
2023,MLI,Mali,52.29,113,52.63,105,38.82,131,55.09,117,55,125,59.88,105,Afrique,111,-2,54.48,-2.1899999999999977
2023,MLT,Malta,59.76,84,46.46,128,44.77,105,57.23,108,66.04,79,84.31,45,UE Balkans,78,-6,61.55,-1.7899999999999991
2023,MRT,Mauritania,59.45,86,54.06,96,47.06,88,57.55,105,60.8,96,77.78,78,Afrique,97,11,58.1,1.3500000000000014
2023,MUS,Mauritius,65.56,63,52.75,104,49.9,70,61.98,91,81.02,39,82.13,58,Afrique,64,1,66.07,-0.5099999999999909
2023,MEX,Mexico,47.98,128,55.38,88,47.35,85,66.32,75,47.16,142,23.68,174,Amériques,127,-1,47.57,0.4099999999999966
2023,MDA,Moldova,77.62,28,79.24,23,57.95,44,83.12,14,85.86,26,81.91,61,EEAC,40,12,73.47,4.150000000000006
2023,MNG,Mongolia,59.33,88,54.66,94,38.95,129,59.61,99,63.95,87,79.49,71,Asie-Pacifique,90,2,59.17,0.1599999999999966
2023,MNE,Montenegro,74.28,39,72.13,37,58.04,42,81.51,23,76.48,54,83.25,50,UE Balkans,63,24,66.54,7.739999999999995
2023,MAR,Morocco / Western Sahara,43.69,144,39.92,151,30.62,164,48.97,129,56.87,117,42.07,139,MENA,135,-9,45.42,-1.730000000000004
2023,MOZ,Mozambique,56.13,102,49.17,115,46.51,91,66.98,70,65.28,83,52.73,119,Afrique,116,14,49.89,6.240000000000002
2023,MMR,Myanmar,28.26,173,35.75,164,40.98,120,20.19,175,24.77,174,19.6,180,Asie-Pacifique,176,3,25.03,3.2300000000000004
2023,NAM,Namibia,80.91,22,75.75,29,70.78,21,79.81,29,87.73,18,90.48,22,Afrique,18,-4,81.84,-0.9300000000000068
2023,NPL,Nepal,57.89,95,58.44,72,44.61,106,66.27,76,61.08,95,59.04,106,Asie-Pacifique,76,-19,62.67,-4.780000000000001
2023,NLD,Netherlands,87,6,88.93,7,89.08,2,90.3,3,86.53,24,80.18,67,UE Balkans,28,22,77.93,9.069999999999993
2023,NZL,New Zealand,84.23,13,89.69,6,77.45,9,78.62,35,84.09,30,91.3,17,Asie-Pacifique,11,-2,83.54,0.6899999999999977
2023,NIC,Nicaragua,37.09,158,35.81,163,45.49,98,28.21,166,44.32,145,31.65,160,Amériques,160,2,37.09,0
2023,NER,Niger,66.84,61,62.68,60,41.6,118,69.54,62,74.03,67,86.35,36,Afrique,59,-2,67.8,-0.9599999999999937
2023,NGA,Nigeria,49.56,123,51.96,107,44.12,110,50.54,126,63.8,88,37.38,147,Afrique,129,6,46.79,2.770000000000003
2023,PRK,North Korea,21.72,180,26.56,177,21.57,178,22.64,172,46,180,33.25,156,Asie-Pacifique,180,0,13.92,7.799999999999999
2023,MKD,North Macedonia,74.35,38,72.33,36,54.95,53,84.99,10,78.2,50,81.27,64,UE Balkans,57,19,68.44,5.909999999999997
2023,CTU,Northern Cyprus,61.73,76,56.18,80,42.92,114,63.1,87,63.45,90,83.01,52,UE Balkans,81,5,61.08,0.6499999999999986
2023,NOR,Norway,95.18,1,96.54,1,92.46,1,94.92,1,95.98,1,95.98,3,UE Balkans,1,0,92.65,2.530000000000001
2023,CSS,OECS,58.36,93,55.47,87,45.34,99,54.01,119,59.94,101,77.04,80,Amériques,55,-38,68.49,-10.129999999999995
2023,OMN,Oman,37.87,155,36.25,161,33.82,156,15.09,179,38.07,155,66.11,97,MENA,163,8,35.99,1.8799999999999955
2023,PAK,Pakistan,39.95,150,42.71,139,37.25,136,48.11,130,48.11,140,23.57,176,Asie-Pacifique,157,7,37.99,1.9600000000000009
2023,PSE,Palestine,37.86,156,40.47,147,40.2,122,44.34,139,36.36,158,27.95,170,MENA,170,14,28.98,8.879999999999999
2023,PAN,Panama,63.67,69,57.5,77,51.63,62,64.47,80,64.77,86,80,70,Amériques,74,5,62.78,0.8900000000000006
2023,PNG,Papua New Guinea,67.62,59,59.58,69,51.31,64,66.35,74,71.97,72,88.89,27,Asie-Pacifique,62,3,66.66,0.960000000000008
2023,PRY,Paraguay,55.96,103,57.06,78,42.16,117,70.85,56,61.25,94,48.51,129,Amériques,96,-7,58.36,-2.3999999999999986
2023,PER,Peru,52.74,110,57.99,75,42.81,115,63.94,84,56.94,116,42,140,Amériques,77,-33,61.75,-9.009999999999998
2023,PHL,Philippines,46.21,132,43.96,135,40.2,122,52.2,120,57.39,114,37.3,148,Asie-Pacifique,147,15,41.84,4.3699999999999974
2023,POL,Poland,67.66,57,50.15,112,55.02,52,69.03,64,78.28,49,85.82,37,UE Balkans,66,9,65.64,2.019999999999996
2023,PRT,Portugal,84.6,9,86.32,13,71.02,20,84.38,13,89.77,11,91.48,16,UE Balkans,7,-2,87.07,-2.469999999999999
2023,QAT,Qatar,55.28,105,53.13,102,50,69,38.21,151,51.14,133,83.93,47,MENA,119,14,49.03,6.25
2023,ROU,Romania,69.04,53,59.65,68,49.24,73,71.86,53,81.44,36,83.03,51,UE Balkans,56,3,68.46,0.5800000000000125
2023,RUS,Russia,34.77,164,32.43,173,36.17,140,34.51,158,38.94,152,31.82,159,EEAC,155,-9,38.82,-4.049999999999997
2023,RWA,Rwanda,46.58,131,40,149,34.8,151,58.87,101,58.33,110,40.91,143,Afrique,136,5,45.18,1.3999999999999986
2023,WSM,Samoa,82.15,19,76.88,27,72.55,16,67.92,67,94.32,2,99.09,1,Asie-Pacifique,45,26,71.39,10.760000000000005
2023,SAU,Saudi Arabia,32.43,170,37.19,159,33.33,157,21.7,174,30.11,167,39.8,145,MENA,166,-4,33.71,-1.2800000000000011
2023,SEN,Senegal,55.82,104,56.43,79,46.08,93,55.66,115,65.42,82,55.51,111,Afrique,73,-31,63.07,-7.25
2023,SRB,Serbia,59.16,91,45.27,133,39.15,128,77.18,41,59.87,103,74.31,85,UE Balkans,79,-12,61.51,-2.3500000000000014
2023,SYC,Seychelles,75.71,34,74.38,32,59.41,38,76.98,43,80.23,41,87.56,32,Afrique,13,-21,83.33,-7.6200000000000045
2023,SLE,Sierra Leone,62.55,74,65.45,49,47.9,81,65.9,77,72.24,71,61.27,102,Afrique,46,-28,71.03,-8.480000000000004
2023,SGP,Singapore,47.88,129,38.75,155,42.4,116,27.36,168,51.99,132,78.89,74,Asie-Pacifique,139,10,44.23,3.6500000000000057
2023,SVK,Slovakia,83.22,17,78.04,25,75.16,11,82.96,17,89.85,10,90.07,24,UE Balkans,27,10,78.37,4.849999999999994
2023,SVN,Slovenia,70.59,50,66.25,47,46.41,92,79.64,30,75.95,59,84.72,40,UE Balkans,54,4,68.54,2.049999999999997
2023,SOM,Somalia,44.24,141,53.44,98,44.49,108,43.63,142,51.14,133,28.5,169,Afrique,140,-1,44.01,0.23000000000000398
2023,ZAF,South Africa,78.6,25,77.26,26,64.1,29,83.02,15,84.7,28,83.9,48,Afrique,35,10,75.56,3.039999999999992
2023,KOR,South Korea,70.83,47,63.51,54,55.81,48,70.03,60,77.53,52,87.26,34,Asie-Pacifique,43,-4,72.11,-1.2800000000000011
2023,SSD,South Sudan,50.62,118,49.46,114,48.32,78,56.06,110,47.73,141,51.54,123,Afrique,128,10,47.06,3.559999999999995
2023,ESP,Spain,75.37,36,72.12,38,60.33,37,78.74,33,83.13,31,82.51,55,UE Balkans,32,-4,76.71,-1.3399999999999892
2023,LKA,Sri Lanka,45.85,135,40.94,146,48.53,76,43.4,143,42.05,148,54.32,116,Asie-Pacifique,146,11,42.13,3.719999999999999
2023,SDN,Sudan,40.83,148,42.08,143,28.43,169,31.45,160,40.15,149,62.05,99,Afrique,151,3,40.96,-0.13000000000000256
2023,SUR,Suriname,70.62,48,63.13,55,60.78,34,47.17,132,90.91,7,91.11,19,Amériques,52,4,68.95,1.6700000000000017
2023,SWE,Sweden,88.15,4,92.58,3,86.08,3,88.74,4,88.64,14,84.72,40,UE Balkans,3,-1,88.84,-0.6899999999999977
2023,CHE,Switzerland,84.4,12,87.42,10,72.79,15,77.95,37,92.33,4,91.52,15,UE Balkans,14,2,82.72,1.6800000000000068
2023,SYR,Syria,27.22,175,33.65,169,25.49,174,24.34,170,29.55,171,23.07,177,MENA,171,-4,28.94,-1.7200000000000024
2023,TWN,Taiwan,75.54,35,73.83,35,53.4,55,80.75,25,77.65,51,92.06,13,Asie-Pacifique,38,3,74.08,1.460000000000008
2023,TJK,Tajikistan,39.06,153,34.17,167,37.09,137,51.57,123,36.17,160,36.3,149,EEAC,152,-1,40.26,-1.1999999999999957
2023,TZA,Tanzania,44.02,143,42.97,138,33.33,157,31.6,159,53.41,128,58.78,107,Afrique,123,-20,48.28,-4.259999999999998
2023,THA,Thailand,55.24,106,59.53,70,51.47,63,51.42,124,56.25,120,57.54,109,Asie-Pacifique,115,9,50.15,5.090000000000003
2023,TGO,Togo,63.06,70,54.5,95,46.86,89,60.19,96,69.32,74,84.45,44,Afrique,100,30,57.17,5.890000000000001
2023,TON,Tonga,71.29,44,70.31,42,56.86,46,60.38,95,75,63,93.89,9,Asie-Pacifique,49,5,69.74,1.5500000000000114
2023,TTO,Trinidad and Tobago,76.54,30,71.25,40,60.78,34,64.15,81,92.05,5,94.44,6,Amériques,25,-5,78.68,-2.1400000000000006
2023,TUN,Tunisia,50.11,121,58.13,74,34.97,150,49.06,128,53.79,127,54.6,114,MENA,94,-27,58.49,-8.380000000000003
2023,TUR,Türkiye,33.97,165,36.56,160,29.41,168,41.16,146,30.11,167,32.58,157,EEAC,149,-16,41.25,-7.280000000000001
2023,TKM,Turkmenistan,25.82,176,23.25,180,20.39,179,29.62,165,93.2,179,46.53,132,EEAC,177,1,25.01,0.8099999999999987
2023,UGA,Uganda,46.08,133,45.75,129,39.8,126,54.34,118,60,100,30.52,164,Afrique,132,-1,46.35,-0.2700000000000031
2023,UKR,Ukraine,61.19,79,60.63,65,63.48,30,80.66,26,80.4,40,20.78,179,EEAC,106,27,55.76,5.43
2023,ARE,United Arab Emirates,42.99,145,45.63,130,45.1,100,36.79,153,30.68,165,56.77,110,MENA,138,-7,44.46,-1.4699999999999989
2023,GBR,United Kingdom,78.51,26,80.88,21,74.71,12,73.49,50,81.36,37,82.12,59,UE Balkans,24,-2,78.71,-0.19999999999998863
2023,USA,United States,71.22,45,76.56,28,69.76,24,77.31,40,80,43,52.49,120,Amériques,42,-3,72.74,-1.519999999999996
2023,URY,Uruguay,70.33,52,62.73,58,55.08,50,78.73,34,74.9,65,80.2,66,Amériques,44,-8,72.03,-1.7000000000000028
2023,UZB,Uzbekistan,45.73,137,45.52,132,38.4,132,52.2,120,43.56,147,48.98,127,EEAC,133,-4,45.74,-0.010000000000005116
2023,VEN,Venezuela,36.99,159,34.89,166,35.74,145,34.82,155,38.53,153,40.96,142,Amériques,159,0,37.78,-0.7899999999999991
2023,VNM,Vietnam,24.58,178,23.75,179,17.16,180,18.4,177,32.95,163,30.66,163,Asie-Pacifique,174,-4,26.11,-1.5300000000000011
2023,YEM,Yemen,32.78,168,37.5,158,30.39,166,40.57,147,34.09,161,21.37,178,MENA,169,1,29.14,3.6400000000000006
2023,ZMB,Zambia,59.41,87,61.77,64,38.89,130,56.76,109,58.14,111,81.46,63,Afrique,109,22,55.4,4.009999999999998
2023,ZWE,Zimbabwe,48.17,126,42.08,143,37.58,135,57.39,106,60.8,96,42.98,137,Afrique,137,11,44.94,3.230000000000004
2022,AFG,Afghanistan,38.27,156,44.65,132,43.88,82,42.54,152,43.33,161,16.96,171,Asie-Pacifique,122,-34,59.81,-21.54
2022,ALB,Albania,56.41,103,50.55,113,29.39,154,68.77,75,66.6,98,66.75,90,Europe - Asie centrale,83,-20,69.41,-13
2022,DZA,Algeria,45.53,134,41.21,143,32.4,139,54.17,127,55.88,131,44.02,130,Maghreb - Moyen-Orient,146,12,52.74,-7.210000000000001
2022,AND,Andorra,68.79,53,68.12,50,50.41,54,69.12,71,68.8,91,87.48,22,Europe - Asie centrale,39,-14,76.68,-7.890000000000001
2022,AGO,Angola,57.17,99,52.83,100,35.03,127,61.11,106,73,75,63.87,97,Afrique,103,4,65.94,-8.769999999999996
2022,ARG,Argentina,77.28,29,76.36,28,51.53,50,90.68,2,85.75,29,82.06,39,Amériques,69,40,71.01,6.269999999999996
2022,ARM,Armenia,68.97,51,66.26,55,44.44,81,77.88,45,76.33,63,79.91,47,Europe - Asie centrale,63,12,71.17,-2.200000000000003
2022,AUS,Australia,73.77,39,77.17,27,63.44,30,64.18,96,84.17,33,79.88,48,Asie-Pacifique,25,-14,80.21,-6.439999999999998
2022,AUT,Austria,76.74,31,77.82,26,61.43,37,78.95,41,81.2,46,84.29,31,Europe - Asie centrale,17,-14,83.66,-6.920000000000002
2022,AZE,Azerbaijan,39.4,154,37.66,155,23.76,167,48.25,140,58.86,124,28.48,155,Europe - Asie centrale,167,13,41.23,-1.8299999999999983
2022,BHR,Bahrain,30.97,167,35.15,161,21.43,170,28.95,170,39.67,164,29.65,153,Maghreb - Moyen-Orient,168,1,38.9,-7.93
2022,BGD,Bangladesh,36.63,162,42.12,140,32.48,138,44.15,148,48.5,149,15.88,172,Asie-Pacifique,152,-10,50.29,-13.659999999999997
2022,BLR,Belarus,39.62,153,32.93,169,48.75,59,37.23,158,60.33,118,18.85,164,Europe - Asie centrale,158,5,49.18,-9.560000000000002
2022,BEL,Belgium,78.86,23,75.03,30,71.22,15,79.3,37,87.4,24,81.35,43,Europe - Asie centrale,11,-12,88.31,-9.450000000000003
2022,BLZ,Belize,70.67,47,70,47,52.04,48,63.6,100,82,38,85.71,28,Amériques,53,6,72.39,-1.7199999999999989
2022,BEN,Benin,48.39,121,47.73,117,28.19,158,57.46,118,55.5,132,53.1,119,Afrique,114,-7,61.82,-13.43
2022,BTN,Bhutan,76.46,33,78.79,25,62.24,34,70.39,67,77,60,93.88,4,Asie-Pacifique,65,32,71.14,5.319999999999993
2022,BOL,Bolivia,47.58,126,44.55,133,33.67,132,58.77,114,45,155,55.89,112,Amériques,110,-16,64.53,-16.950000000000003
2022,BIH,Bosnia and Herzegovina,65.64,67,61.56,69,40.23,101,79.57,35,71.86,79,74.95,61,Europe - Asie centrale,58,-9,71.66,-6.019999999999996
2022,BWA,Botswana,58.49,95,56.97,86,37.24,116,56.36,122,69.75,85,72.11,75,Afrique,38,-57,76.75,-18.259999999999998
2022,BRA,Brazil,55.36,110,51.62,105,37.59,115,69.74,69,70,83,47.86,124,Amériques,111,1,63.75,-8.39
2022,BRN,Brunei Darussalam,42.53,144,40.61,146,30.61,148,28.51,171,34,171,78.91,50,Asie-Pacifique,154,10,50.09,-7.560000000000002
2022,BGR,Bulgaria,59.12,91,54.95,95,30.1,150,68.71,76,66.83,97,75.02,60,Europe - Asie centrale,112,21,62.71,-3.5900000000000034
2022,BFA,Burkina Faso,73.12,41,78.99,23,67.69,26,75.58,52,87.83,22,55.52,113,Afrique,37,-4,76.83,-3.7099999999999937
2022,BDI,Burundi,55.74,107,50.03,114,44.67,80,59.55,113,52.78,139,71.66,77,Afrique,147,40,52.43,3.3100000000000023
2022,KHM,Cambodia,43.48,142,42.42,139,27.96,159,49.65,138,62.4,113,34.96,145,Asie-Pacifique,144,2,53.16,-9.68
2022,CMR,Cameroon,49.1,118,48.05,116,35.71,123,56.89,121,67.57,94,37.25,140,Afrique,135,17,56.22,-7.1199999999999974
2022,CAN,Canada,81.74,19,82.27,16,71.17,16,80.26,33,92,6,82.99,37,Amériques,14,-5,84.75,-3.010000000000005
2022,CPV,Cape Verde,75.37,36,72.55,39,62.76,32,77.98,44,75.4,68,88.16,19,Afrique,27,-9,79.91,-4.539999999999992
2022,CAF,Central African Republic,56.96,101,51.21,107,41.07,99,62.06,103,68.25,92,62.19,102,Afrique,126,25,58.08,-1.1199999999999974
2022,TCD,Chad,56.18,104,55.88,89,43.27,85,60.35,111,63.2,109,58.21,110,Afrique,123,19,59.8,-3.6199999999999974
2022,CHL,Chile,60.61,82,65.03,59,42.86,86,67.63,82,72.4,77,55.15,115,Amériques,54,-28,72.11,-11.5
2022,CHN,China,25.17,175,27.45,176,26.02,164,23.25,175,33.3,172,15.84,173,Asie-Pacifique,177,2,21.28,3.8900000000000006
2022,COL,Colombia,42.43,145,44.7,130,32.27,142,60.42,109,50.38,146,24.4,160,Amériques,134,-11,56.26,-13.829999999999998
2022,COM,Comoros,60.16,83,56.36,88,50.26,57,59.98,112,75.63,66,58.56,109,Afrique,84,1,69.35,-9.189999999999998
2022,COG,Congo,58.64,93,58.06,83,48.57,61,64.21,95,62.6,112,59.76,108,Afrique,118,25,61.17,-2.530000000000001
2022,CRI,Costa Rica,85.92,8,81.62,17,72.96,11,87.72,6,92.5,4,94.78,3,Amériques,5,-3,91.24,-5.319999999999993
2022,HRV,Croatia,70.42,48,68.26,49,50.46,53,79.19,38,76.09,64,78.08,52,Europe - Asie centrale,56,8,72.05,-1.6299999999999955
2022,CUB,Cuba,27.32,173,27.27,177,39.8,104,15.79,180,27.5,175,26.24,158,Amériques,171,-2,36.06,-8.740000000000002
2022,CYP,Cyprus,65.97,65,61.21,70,42.09,91,74.56,56,65.75,101,86.25,26,Europe - Asie centrale,26,-39,80.15,-14.180000000000007
2022,CTU,Cyprus North,61.08,81,56.48,87,38.78,108,69.82,68,60.2,120,80.14,46,Europe - Asie centrale,76,-5,70.18,-9.100000000000009
2022,CZE,Czech Republic,80.54,20,79.66,22,61.56,36,84.21,18,88.44,20,88.81,17,Europe - Asie centrale,40,20,76.62,3.9200000000000017
2022,PRK,Democratic People's Republic of Korea,13.92,180,22.42,179,0,180,22.81,176,12,180,12.38,176,Asie-Pacifique,179,-1,18.72,-4.799999999999999
2022,DNK,Denmark,90.27,2,94.34,2,83.67,3,89.18,4,91.17,9,92.97,7,Europe - Asie centrale,4,2,91.43,-1.1600000000000108
2022,DJI,Djibouti,35.75,164,32.73,170,16.12,177,37.72,157,37.6,165,54.56,117,Afrique,176,12,21.38,14.370000000000001
2022,DOM,Dominican Republic,76.9,30,71.52,40,62.24,34,85.96,11,92,6,72.79,71,Amériques,50,20,74.4,2.5
2022,TLS,East Timor,81.89,17,85.45,14,68.71,20,85.96,11,75.67,65,93.65,5,Asie-Pacifique,71,54,70.89,11
2022,ECU,Ecuador,64.61,68,60.1,73,55.44,42,67.98,79,69.5,87,70.03,82,Amériques,96,28,67.17,-2.5600000000000023
2022,EGY,Egypt,30.23,168,30.91,174,23.47,168,34.87,162,44.25,158,17.64,169,Maghreb - Moyen-Orient,166,-2,43.83,-13.599999999999998
2022,SLV,El Salvador,54.09,112,42.94,137,39.07,107,63.22,101,62.86,111,62.37,100,Amériques,82,-30,69.51,-15.420000000000002
2022,GNQ,Equatorial Guinea,43.96,141,42.73,138,24.49,165,44.3,147,44.25,158,64.04,95,Afrique,164,23,44.33,-0.36999999999999744
2022,ERI,Eritrea,19.62,179,22.22,180,19.73,174,25.15,174,19.67,179,11.36,178,Afrique,180,1,18.55,1.0700000000000003
2022,EST,Estonia,88.83,4,91.11,5,81.97,6,87.87,5,90,13,93.2,6,Europe - Asie centrale,15,11,84.75,4.079999999999998
2022,SWZ,Eswatini,46.42,131,41.31,142,35.03,127,43.86,149,50.5,144,61.4,103,Afrique,141,10,53.66,-7.239999999999995
2022,ETH,Ethiopia,50.53,114,50.65,112,45.77,76,63.66,99,57.29,126,35.29,144,Afrique,101,-13,66.37,-15.840000000000003
2022,FJI,Fiji,56.91,102,44.85,128,39.8,104,58.33,115,64,107,77.55,54,Asie-Pacifique,55,-47,72.08,-15.170000000000002
2022,FIN,Finland,88.42,5,90.4,6,82.03,5,86.64,9,90.77,10,92.26,10,Europe - Asie centrale,2,-3,93.01,-4.590000000000003
2022,FRA,France,78.53,26,79.85,21,67.86,23,86.51,10,89.38,18,69.05,85,Europe - Asie centrale,34,8,77.4,1.1299999999999955
2022,GAB,Gabon,56,105,48.38,115,39.46,106,56.14,123,65.5,102,70.52,80,Afrique,117,12,61.4,-5.399999999999999
2022,GMB,Gambia,69.25,50,71.11,43,51.36,51,67.69,81,81.33,44,74.74,64,Afrique,85,35,69.24,0.010000000000005116
2022,GEO,Georgia,59.3,89,52.42,102,46.43,74,80.79,32,75.5,67,41.34,135,Europe - Asie centrale,60,-29,71.36,-12.060000000000002
2022,DEU,Germany,82.04,16,87.03,10,80.07,7,87.08,8,89.47,17,66.58,91,Europe - Asie centrale,13,-3,84.76,-2.719999999999999
2022,GHA,Ghana,67.43,60,66.61,54,47.22,69,81.42,27,79.64,53,62.25,101,Afrique,30,-30,78.67,-11.239999999999995
2022,GRC,Greece,55.52,108,60.5,72,38.13,113,69.54,70,65.36,103,44.1,128,Europe - Asie centrale,70,-38,70.99,-15.469999999999992
2022,GTM,Guatemala,47.94,124,46.06,123,33.67,132,68.86,73,59,123,32.12,150,Amériques,116,-8,61.55,-13.61
2022,GIN,Guinea,59.82,84,59.26,80,47.05,70,71.15,65,70.67,81,50.96,122,Afrique,109,25,64.58,-4.759999999999998
2022,GNB,Guinea-Bissau,58.79,92,51.15,108,50.82,52,68.42,77,62.4,113,61.18,104,Afrique,95,3,67.32,-8.529999999999994
2022,GUY,Guyana,76.41,34,70.06,46,67.76,25,75.61,51,81.4,43,87.21,24,Amériques,51,17,74.39,2.019999999999996
2022,HTI,Haiti,64.55,70,59.6,77,50.34,56,72.22,63,80.67,47,59.91,106,Amériques,87,17,68.88,-4.329999999999998
2022,HND,Honduras,34.61,165,33.33,167,31.63,146,36.84,159,31,173,40.22,136,Amériques,151,-14,50.65,-16.04
2022,HKG,Hong Kong,41.64,148,40.5,147,35.9,122,42.58,151,57.45,125,31.78,151,Asie-Pacifique,80,-68,69.56,-27.92
2022,HUN,Hungary,59.8,85,47.07,119,32.31,141,67.25,83,67.33,95,85.03,29,Europe - Asie centrale,92,7,68.24,-8.439999999999998
2022,ISL,Iceland,82.69,15,86.21,13,65.56,28,82.68,23,87.5,23,91.5,13,Europe - Asie centrale,16,1,84.63,-1.9399999999999977
2022,IND,India,41,150,40.76,145,30.36,149,57.02,120,56.25,127,20.61,163,Asie-Pacifique,142,-8,53.44,-12.439999999999998
2022,IDN,Indonesia,49.27,117,45.91,125,41.33,96,55.7,125,66,99,37.42,139,Asie-Pacifique,113,-4,62.6,-13.329999999999998
2022,IRQ,Iraq,28.59,172,34.14,163,20.07,173,29.82,168,40.67,163,18.27,166,Maghreb - Moyen-Orient,163,-9,44.43,-15.84
2022,IRL,Ireland,88.3,6,89.24,9,79.08,8,85.09,14,92.5,4,95.58,2,Europe - Asie centrale,12,6,88.09,0.20999999999999375
2022,IRN,Islamic Republic of Iran,23.22,178,30.71,175,21.32,171,26.71,173,23.78,177,13.61,174,Maghreb - Moyen-Orient,174,-4,27.3,-4.080000000000002
2022,ISR,Israel,59.62,86,65.15,58,55.1,44,53.51,130,77.75,56,46.61,126,Maghreb - Moyen-Orient,86,0,69.1,-9.479999999999997
2022,ITA,Italy,68.16,58,65.89,57,47.52,67,73.93,59,80,49,73.48,68,Europe - Asie centrale,41,-17,76.61,-8.450000000000003
2022,CIV,Ivory Coast,74.46,37,74.89,31,58.45,39,75.94,50,81.43,41,81.6,41,Afrique,66,29,71.13,3.3299999999999983
2022,JAM,Jamaica,83.35,12,74.85,32,71.94,14,82.46,24,95,1,92.52,8,Amériques,7,-5,90.04,-6.690000000000012
2022,JPN,Japan,64.37,71,54.66,96,53.7,46,66.23,88,67.06,96,80.19,45,Asie-Pacifique,67,-4,71.12,-6.75
2022,JOR,Jordan,48.66,120,40,151,32.65,136,41.23,154,66,99,63.4,99,Maghreb - Moyen-Orient,129,9,57.11,-8.450000000000003
2022,KAZ,Kazakhstan,48.28,122,43.52,136,29.8,153,51.93,135,52.3,140,63.85,98,Europe - Asie centrale,155,33,49.72,-1.4399999999999977
2022,KEN,Kenya,64.59,69,62.42,63,46.33,75,72.28,62,78,55,63.92,96,Afrique,102,33,66.35,-1.759999999999991
2022,XKO,Kosovo,67,61,64.34,60,45.24,77,80.85,31,74.33,70,70.26,81,Europe - Asie centrale,78,17,69.68,-2.680000000000007
2022,KWT,Kuwait,37.87,158,32.73,170,19.39,175,36.84,159,27,176,73.41,70,Maghreb - Moyen-Orient,105,-53,65.64,-27.770000000000003
2022,KGZ,Kyrgyzstan,64.25,72,59.9,74,48.64,60,68.86,73,69,90,74.83,63,Europe - Asie centrale,79,7,69.63,-5.3799999999999955
2022,LAO,Lao People's Democratic Republic,36.64,161,36.06,159,20.92,172,31.58,167,44,160,50.64,123,Asie-Pacifique,172,11,29.44,7.199999999999999
2022,LVA,Latvia,79.17,22,78.96,24,64.58,29,80.89,30,87.36,25,84.06,33,Europe - Asie centrale,22,0,80.74,-1.5699999999999932
2022,LBN,Lebanon,46.58,130,50.91,111,38.27,111,50.22,137,60.5,117,33.02,148,Maghreb - Moyen-Orient,107,-23,65.07,-18.489999999999995
2022,LSO,Lesotho,59.39,88,57.37,85,40.14,102,57.31,119,74,72,68.11,88,Afrique,88,0,68.39,-9
2022,LBR,Liberia,62.77,75,55.5,92,32.8,135,74.69,55,82.57,35,68.3,87,Afrique,98,23,66.64,-3.8699999999999974
2022,LBY,Libya,43.16,143,54.42,97,34.9,130,44.91,144,45,155,36.58,141,Maghreb - Moyen-Orient,165,22,44.27,-1.1100000000000065
2022,LIE,Liechtenstein,84.03,10,80.36,20,68.78,19,84.74,15,89.8,14,96.46,1,Europe - Asie centrale,23,13,80.51,3.519999999999996
2022,LTU,Lithuania,84.14,9,87.01,11,72.16,13,84.46,16,89.71,16,87.37,23,Europe - Asie centrale,28,19,79.85,4.290000000000006
2022,LUX,Luxembourg,79.81,21,82.94,15,66.33,27,72.93,60,88.71,19,88.14,20,Europe - Asie centrale,20,-1,82.44,-2.6299999999999955
2022,MDG,Madagascar,58.02,98,52.58,101,35.08,126,64.47,93,64.5,105,73.47,69,Afrique,57,-41,71.76,-13.740000000000002
2022,MWI,Malawi,61.4,80,55.76,90,38.44,110,78.07,43,67.67,93,67.08,89,Afrique,62,-18,71.2,-9.800000000000004
2022,MYS,Malaysia,51.55,113,46.52,122,42.6,88,40.13,155,56,128,72.48,73,Asie-Pacifique,119,6,60.53,-8.980000000000004
2022,MDV,Maldives,59.55,87,62.27,66,38.27,111,67.11,85,55,134,75.12,59,Asie-Pacifique,72,-15,70.87,-11.320000000000007
2022,MLI,Mali,54.48,111,35.15,161,42.6,88,74.34,58,78.5,54,41.81,133,Afrique,99,-12,66.5,-12.020000000000003
2022,MLT,Malta,61.55,78,46.82,121,41.33,96,67.98,79,74.75,69,76.87,55,Europe - Asie centrale,81,3,69.54,-7.990000000000009
2022,MRT,Mauritania,58.1,97,55.15,94,35.13,125,64.29,94,64.29,106,71.67,76,Afrique,94,-3,67.75,-9.649999999999999
2022,MUS,Mauritius,66.07,64,55.58,91,47.81,64,64.16,97,80.29,48,82.5,38,Afrique,61,-3,71.26,-5.190000000000012
2022,MEX,Mexico,47.57,127,58.18,82,43.37,84,65.79,91,59.5,121,11.02,179,Amériques,143,16,53.29,-5.719999999999999
2022,MDA,Moldova,73.47,40,70.15,45,47.83,63,83,21,85.88,28,80.48,44,Europe - Asie centrale,89,49,68.39,5.079999999999998
2022,MNG,Mongolia,59.17,90,55.48,93,36.18,121,60.37,110,69.55,86,74.27,66,Asie-Pacifique,68,-22,71.03,-11.86
2022,MNE,Montenegro,66.54,63,62.51,62,47.67,66,77.19,47,71,80,74.33,65,Europe - Asie centrale,104,41,65.67,0.8700000000000045
2022,MAR,Morocco,45.42,135,51.67,104,28.83,157,55.81,124,56,128,34.82,146,Maghreb - Moyen-Orient,136,1,56.06,-10.64
2022,MOZ,Mozambique,49.89,116,46.06,123,40.31,100,61.62,105,47.25,153,54.21,118,Afrique,108,-8,64.61,-14.719999999999999
2022,MMR,Myanmar,25.03,176,40.4,149,29.25,155,20.18,178,30.67,174,46.3,180,Asie-Pacifique,140,-36,53.86,-28.83
2022,NAM,Namibia,81.84,18,72.97,37,69.8,17,82.98,22,91.6,8,91.84,12,Afrique,24,6,80.28,1.5600000000000023
2022,NPL,Nepal,62.67,76,59.8,75,40.14,102,66.08,89,77.33,59,69.99,83,Asie-Pacifique,106,30,65.38,-2.7099999999999937
2022,NLD,Netherlands,77.93,28,86.3,12,82.86,4,87.28,7,86.1,27,47.09,125,Europe - Asie centrale,6,-22,90.33,-12.399999999999991
2022,NZL,New Zealand,83.54,11,90.15,7,75.26,10,74.78,54,89.75,15,87.76,21,Asie-Pacifique,8,-3,89.96,-6.4199999999999875
2022,NIC,Nicaragua,37.09,160,37.45,156,38.78,108,31.75,166,49.8,147,27.68,156,Amériques,121,-39,60.02,-22.93
2022,NER,Niger,67.8,59,62.3,65,46.73,73,71.75,64,76.5,61,81.69,40,Afrique,59,0,71.56,-3.760000000000005
2022,NGA,Nigeria,46.79,129,45.15,127,36.39,120,53.8,129,69.83,84,28.75,154,Afrique,120,-9,60.31,-13.520000000000003
2022,MKD,North Macedonia,68.44,57,66.16,56,43.71,83,81.29,28,73.17,74,77.85,53,Europe - Asie centrale,90,33,68.33,0.10999999999999943
2022,NOR,Norway,92.65,1,94.89,1,90.38,1,92.23,1,93.71,2,92.03,11,Europe - Asie centrale,1,0,93.28,-0.6299999999999955
2022,XCD,OECS,68.49,55,62.91,61,48.37,62,68.25,78,79.8,51,83.13,36,Amériques,45,-10,76.02,-7.530000000000001
2022,OMN,Oman,35.99,163,32.73,170,23.98,166,18.42,179,45,155,59.82,107,Maghreb - Moyen-Orient,133,-30,56.63,-20.64
2022,PAK,Pakistan,37.99,157,39.57,152,31.92,143,53.26,131,47.43,152,17.75,168,Asie-Pacifique,145,-12,53.14,-15.149999999999999
2022,PSE,Palestine,28.98,170,35.45,160,15.82,178,36.4,161,36.5,167,20.74,162,Maghreb - Moyen-Orient,132,-38,56.82,-27.84
2022,PAN,Panama,62.78,74,54.24,98,47.45,68,64.04,98,74,72,74.15,67,Amériques,77,3,70.06,-7.280000000000001
2022,PNG,Papua New Guinea,66.66,62,62.42,63,45.24,77,66.08,89,81.33,44,78.23,51,Asie-Pacifique,47,-15,75.12,-8.460000000000008
2022,PRY,Paraguay,58.36,96,54.24,98,31.12,147,75.44,53,65,104,65.99,93,Amériques,100,4,66.48,-8.120000000000005
2022,PER,Peru,61.75,77,66.97,52,41.84,92,70.61,66,63,110,66.35,92,Amériques,91,14,68.29,-6.540000000000006
2022,PHL,Philippines,41.84,147,44.44,134,23.13,169,54.97,126,61.83,115,24.83,159,Asie-Pacifique,138,-9,54.36,-12.519999999999996
2022,POL,Poland,65.64,66,50.95,110,57.41,40,68.95,72,82.53,36,68.33,86,Europe - Asie centrale,64,-2,71.16,-5.519999999999996
2022,PRT,Portugal,87.07,7,91.86,4,77.41,9,84.21,18,93.14,3,88.73,18,Europe - Asie centrale,9,2,89.89,-2.8200000000000074
2022,QAT,Qatar,49.03,119,59.7,76,46.94,71,43.86,149,42.5,162,52.17,120,Maghreb - Moyen-Orient,128,9,57.4,-8.369999999999997
2022,ROU,Romania,68.46,56,66.77,53,46.77,72,76.46,49,81.67,40,70.63,79,Europe - Asie centrale,48,-8,75.09,-6.63000000000001
2022,RUS,Russian Federation,38.82,155,36.36,158,34.84,131,44.61,146,51.29,141,27,157,Europe - Asie centrale,150,-5,51.29,-12.469999999999999
2022,RWA,Rwanda,45.18,136,42.12,140,31.89,144,57.89,117,55.25,133,38.76,137,Afrique,156,20,49.34,-4.160000000000004
2022,WSM,Samoa,71.39,45,61.82,67,56.12,41,64.91,92,85,30,89.12,16,Asie-Pacifique,21,-24,80.76,-9.370000000000005
2022,SAU,Saudi Arabia,33.71,166,37.27,157,33.67,132,22.37,177,36.5,167,38.75,138,Maghreb - Moyen-Orient,170,4,37.27,-3.5600000000000023
2022,SEN,Senegal,63.07,73,59.31,79,42.13,90,66.67,86,72.43,76,74.84,62,Afrique,49,-24,74.78,-11.71
2022,SRB,Serbia,61.51,79,47.47,118,34.92,129,79.92,34,74.22,71,71.03,78,Europe - Asie centrale,93,14,67.97,-6.460000000000001
2022,SYC,Seychelles,83.33,13,80.45,19,69.13,18,85.31,13,90.25,11,91.5,13,Afrique,52,39,74.34,8.989999999999995
2022,SLE,Sierra Leone,71.03,46,73.71,35,50.38,55,78.4,42,77.5,58,75.14,58,Afrique,75,29,70.39,0.6400000000000006
2022,SGP,Singapore,44.23,139,39.09,153,29.21,156,34.21,163,49.25,148,69.39,84,Asie-Pacifique,160,21,44.8,-0.5700000000000003
2022,SVK,Slovakia,78.37,27,71.44,41,67.98,22,82.02,26,86.38,26,84.01,34,Europe - Asie centrale,35,8,76.98,1.3900000000000006
2022,SVN,Slovenia,68.54,54,59.32,78,47.7,65,79.11,39,79.94,50,76.61,56,Europe - Asie centrale,36,-18,76.9,-8.36
2022,SOM,Somalia,44.01,140,51.03,109,41.22,98,47.72,141,61.8,116,18.27,167,Afrique,161,21,44.53,-0.5200000000000031
2022,ZAF,South Africa,75.56,35,75.96,29,62.59,33,84.36,17,82.5,37,72.39,74,Afrique,32,-3,78.41,-2.8499999999999943
2022,KOR,South Korea,72.11,43,71.15,42,55.31,43,72.81,61,79.8,51,81.5,42,Asie-Pacifique,42,-1,76.57,-4.459999999999994
2022,SSD,South Sudan,47.06,128,40.48,148,36.73,118,52.11,134,50.6,143,55.37,114,Afrique,139,11,54.22,-7.159999999999997
2022,ESP,Spain,76.71,32,72.73,38,63.38,31,82.16,25,81.89,39,83.4,35,Europe - Asie centrale,29,-3,79.56,-2.8500000000000085
2022,LKA,Sri Lanka,42.13,146,40.91,144,27.04,163,53.07,132,48.25,150,41.37,134,Asie-Pacifique,127,-19,57.8,-15.669999999999995
2022,SDN,Sudan,40.96,151,47.05,120,29.97,151,41.45,153,51,142,35.35,143,Afrique,159,8,47.07,-6.109999999999999
2022,SUR,Suriname,68.95,52,67.88,51,55.1,44,62.28,102,84,34,75.51,57,Amériques,19,-33,83.05,-14.099999999999994
2022,SWE,Sweden,88.84,3,91.96,3,87.66,2,90.27,3,90.18,12,84.14,32,Europe - Asie centrale,3,0,92.76,-3.9200000000000017
2022,CHE,Switzerland,82.72,14,90,8,68.37,21,80.99,29,88.33,21,85.92,27,Europe - Asie centrale,10,-4,89.45,-6.730000000000004
2022,SYR,Syrian Arab Republic,28.94,171,33.51,166,27.62,160,33.58,164,36.57,166,13.39,175,Maghreb - Moyen-Orient,173,2,29.37,-0.4299999999999997
2022,TWN,Taiwan,74.08,38,74.78,33,51.88,49,79.01,40,77.69,57,87.02,25,Asie-Pacifique,43,5,76.14,-2.0600000000000023
2022,TJK,Tajikistan,40.26,152,33.79,164,29.85,152,48.68,139,46,154,42.96,132,Europe - Asie centrale,162,10,44.48,-4.219999999999999
2022,TZA,Tanzania,48.28,123,43.88,135,32.65,136,45.09,143,59.2,122,60.56,105,Afrique,124,1,59.31,-11.030000000000001
2022,THA,Thailand,50.15,115,58.99,81,45.24,77,47.37,142,53.67,137,45.5,127,Asie-Pacifique,137,22,54.78,-4.630000000000003
2022,COD,The Democratic Republic Of The Congo,47.66,125,51.33,106,41.43,95,60.88,108,60.3,119,24.34,161,Afrique,149,24,51.41,-3.75
2022,TGO,Togo,57.17,100,57.52,84,41.73,94,61.93,104,69.5,87,55.15,116,Afrique,74,-26,70.41,-13.239999999999995
2022,TON,Tonga,69.74,49,69.7,48,53.06,47,66.67,86,69.5,87,89.8,15,Asie-Pacifique,46,-3,75.41,-5.670000000000002
2022,TTO,Trinidad and Tobago,78.68,25,73.94,34,67.86,23,74.56,56,84.5,31,92.52,8,Amériques,31,6,78.45,0.23000000000000398
2022,TUN,Tunisia,58.49,94,61.82,67,41.84,92,67.19,84,70.2,82,51.42,121,Maghreb - Moyen-Orient,73,-21,70.47,-11.979999999999997
2022,TUR,Turkey,41.25,149,38.38,154,27.55,161,52.92,133,55,134,32.37,149,Europe - Asie centrale,153,4,50.21,-8.96
2022,TKM,Turkmenistan,25.01,177,25,178,11.73,179,29.61,169,23,178,35.69,142,Europe - Asie centrale,178,1,19.97,5.040000000000003
2022,UGA,Uganda,46.35,132,44.7,130,36.99,117,60.96,107,56,128,33.09,147,Afrique,125,-7,58.81,-12.46
2022,UKR,Ukraine,55.76,106,61.21,70,42.86,86,79.45,36,76.43,62,18.84,165,Europe - Asie centrale,97,-9,67.04,-11.280000000000008
2022,ARE,United Arab Emirates,44.46,138,45.45,126,36.73,118,32.02,165,50.5,144,57.59,111,Maghreb - Moyen-Orient,131,-7,56.87,-12.409999999999997
2022,GBR,United Kingdom,78.71,24,80.57,18,72.75,12,76.63,48,84.29,32,79.33,49,Europe - Asie centrale,33,9,78.41,0.29999999999999716
2022,USA,United States,72.74,42,72.99,36,59.33,38,77.32,46,81.43,41,72.63,72,Amériques,44,2,76.07,-3.3299999999999983
2022,URY,Uruguay,72.03,44,70.3,44,49.32,58,83.63,20,72.33,78,84.58,30,Amériques,18,-26,83.62,-11.590000000000003
2022,UZB,Uzbekistan,45.74,133,44.75,129,35.71,123,50.88,136,53.33,138,44.03,129,Europe - Asie centrale,157,24,49.26,-3.519999999999996
2022,VEN,Venezuela,37.78,159,33.7,165,31.73,145,44.74,145,47.5,151,31.22,152,Amériques,148,-11,52.4,-14.619999999999997
2022,VNM,Vietnam,26.11,174,32.32,173,18.71,176,27.49,172,34.67,170,17.37,170,Asie-Pacifique,175,1,21.54,4.57
2022,YEM,Yemen,29.14,169,33.03,168,27.55,161,38.6,156,35,169,11.54,177,Maghreb - Moyen-Orient,169,0,37.65,-8.509999999999998
2022,ZMB,Zambia,55.4,109,52.35,103,37.76,114,58.33,115,64,107,64.55,94,Afrique,115,6,61.79,-6.390000000000001
2022,ZWE,Zimbabwe,44.94,137,40.3,150,32.4,139,54.17,127,54.5,136,43.34,131,Afrique,130,-7,56.88,-11.940000000000005
